HTS Number,Indent,Description,Unit of Quantity,General Rate of Duty,Special Rate of Duty,Column 2 Rate of Duty,Quota Quantity,Additional Duties
"2101","0","Extracts, essences and concentrates, of coffee, tea or maté and preparations with a basis of these products or with a basis of coffee, tea or maté; roasted chicory and other roasted coffee substitutes, and extracts, essences and concentrates thereof:","","","","","",""
"","1","Extracts, essences and concentrates of coffee, and preparations with a basis of these extracts, essences or concentrates or with a basis of coffee:","","","","","",""
"2101.11","2","Extracts, essences and concentrates:","","","","","",""
"2101.11.21","3","Instant coffee, not flavored","","Free","","Free","",""
"","4","Not decaffeinated:","","","","","",""
"2101.11.21.26","5","Packaged for retail sale","[""kg""]","","","","",""
"2101.11.21.29","5","Other","[""kg""]","","","","",""
"","4","Decaffeinated:","","","","","",""
"2101.11.21.31","5","Packaged for retail sale","[""kg""]","","","","",""
"2101.11.21.39","5","Other","[""kg""]","","","","",""
"2101.11.29","3","Other","","Free","","Free","",""
"2101.11.29.41","4","Packaged for retail sale","[""kg""]","","","","",""
"2101.11.29.49","4","Other","[""kg""]","","","","",""
"2101.12","2","Preparations with a basis of extracts, essences or concentrates or with a basis of coffee:","","","","","",""
"2101.12.32.00","3","Described in general note 15 of the tariff schedule and entered pursuant to its provisions","[""kg""]","10%","Free (A,AU,BH,CL,CO,D,E,IL,JO,KR,MA,OM,P,PA,PE,S,SG)","20%","",""
"","3","Other:","","","","","",""
"","4","Blended syrups described in additional U.S. note 4 to chapter 17:","","","","","",""
"2101.12.34.00","5","Described in additional U.S. note 9 to chapter 17 and entered pursuant to its provisions","[""kg""]","10%","Free (CO,KR,OM,PA,PE,S)","20%","",""
"2101.12.38.00","5","Other","[""kg""]","30.5¢/kg + 8.5%","Free (BH,CL,JO,KR,OM,SG) See 9822.05.20 (P+) See 9822.06.10 (PE) See 9822.08.01 (CO) See 9822.09.17 (PA) See 9823.10.01-9823.10.45 (S+) See 9822.03.01(MA)","35.9¢/kg + 10%","",""
"","4","Articles containing over 65 percent by dry weight of sugar described in additional U.S. note 2 to chapter 17:","","","","","",""
"2101.12.44.00","5","Described in additional U.S. note 7 to chapter 17 and entered pursuant to its provisions","[""kg""]","10%","Free (CO,KR,OM,PA,PE,S)","20%","",""
"2101.12.48.00","5","Other","[""kg""]","30.5¢/kg + 8.5%","Free (BH,CL,JO,KR,OM,SG) See 9822.05.20 (P+) See 9822.06.10 (PE) See 9822.08.01 (CO) See 9822.09.17 (PA) See 9823.10.01-9823.10.45 (S+) See 9822.03.01(MA)","35.9¢/kg + 10%","",""
"","4","Articles containing over 10 percent by dry weight of sugar described in additional U.S. note 3 to chapter 17:","","","","","",""
"2101.12.54.00","5","Described in additional U.S. note 8 to chapter 17 and entered pursuant to its provisions","[""kg""]","10%","Free (A,BH,CL,CO,D,E,IL,JO,KR,MA,OM,P,PA,PE,S,SG)","20%","",""
"2101.12.58.00","5","Other","[""kg""]","30.5¢/kg + 8.5%","Free (BH,CL,JO,KR,OM,SG) See 9822.05.20 (P+) See 9822.06.10 (PE) See 9822.08.01 (CO) See 9822.09.17 (PA) See 9823.10.01-9823.10.45 (S+) See 9822.03.01(MA)","35.9¢/kg + 10%","",""
"2101.12.90.00","4","Other","[""kg""]","8.5%","Free (A,AU,BH,CL,CO,D,E,IL,JO,KR,MA,OM,P,PA,PE,S,SG)","20%","",""
"2101.20","1","Extracts, essences and concentrates, of tea or maté, and preparations with a basis of these extracts, essences or concentrates or with a basis of tea or maté:","","","","","",""
"2101.20.20","2","Extracts, essences and concentrates","","Free","","10%","",""
"2101.20.20.10","3","Instant tea","[""kg""]","","","","",""
"2101.20.20.90","3","Other","[""kg""]","","","","",""
"","2","Other:","","","","","",""
"2101.20.32.00","3","Described in general note 15 of the tariff schedule and entered pursuant to its provisions","[""kg""]","10%","Free (A*,AU,BH,CL,CO,D,E,IL,JO,KR,MA,OM,P,PA,PE,S,SG)","20%","",""
"","3","Other:","","","","","",""
"","4","Blended syrups described in additional U.S. note 4 to chapter 17:","","","","","",""
"2101.20.34.00","5","Described in additional U.S. note 9 to chapter 17 and entered pursuant to its provisions","[""kg""]","10%","Free (CO,KR,OM,PA,PE,S)","20%","",""
"2101.20.38.00","5","Other","[""kg""]","30.5¢/kg + 8.5%","Free (BH,CL,JO,KR,OM,SG) See 9822.05.20 (P+) See 9822.06.10 (PE) See 9822.08.01 (CO) See 9822.09.17 (PA) See 9823.10.01-9823.10.45 (S+) See 9822.03.01(MA)","35.9¢/kg + 10%","",""
"","4","Articles containing over 65 percent by dry weight of sugar described in additional U.S. note 2 to chapter 17:","","","","","",""
"2101.20.44.00","5","Described in additional U.S. note 7 to chapter 17 and entered pursuant to its provisions","[""kg""]","10%","Free (CO,KR,OM,PA,PE,S)","20%","",""
"2101.20.48.00","5","Other","[""kg""]","30.5¢/kg + 8.5%","Free (BH,CL,JO,KR,OM,SG) See 9822.05.20 (P+) See 9822.06.10 (PE) See 9822.08.01 (CO) See 9822.09.17 (PA) See 9823.10.01-9823.10.45 (S+) See 9822.03.01(MA)","35.9¢/kg + 10%","",""
"","4","Articles containing over 10 percent by dry weight of sugar described in additional U.S. note 3 to chapter 17:","","","","","",""
"2101.20.54.00","5","Described in additional U.S. note 8 to chapter 17 and entered pursuant to its provisions","[""kg""]","10%","Free (A*,BH,CL,CO,D,E,IL,JO,KR,MA,OM,P,PA,PE,S,SG)","20%","",""
"2101.20.58.00","5","Other","[""kg""]","30.5¢/kg + 8.5%","Free (BH,CL,JO,KR,OM,SG) See 9822.05.20 (P+) See 9822.06.10 (PE) See 9822.08.01 (CO) See 9822.09.17 (PA) See 9823.10.01-9823.10.45 (S+) See 9822.03.01(MA)","35.9¢/kg + 10%","",""
"2101.20.90.00","4","Other","[""kg""]","8.5%","Free (A*,AU,BH,CL,CO,D,E,IL,JO,KR,MA,OM,P,PA,PE,S,SG)","20%","",""
"2101.30.00.00","1","Roasted chicory and other roasted coffee substitutes and extracts, essences and concentrates thereof","[""kg""]","2.1¢/kg","Free (A+,AU,BH,CL,CO,D,E,IL,JO,KR,MA,OM,P,PA,PE,S,SG)","6.6¢/kg","",""
"2102","0","Yeasts (active or inactive); other single-cell microorganisms, dead (but not including vaccines of heading 3002); prepared baking powders:","","","","","",""
"2102.10.00.00","1","Active yeasts","[""kg""]","6.4%","Free (A,AU,BH,CL,CO,D,E,IL,JO,KR,MA,OM,P,PA,PE,S,SG)","20%","",""
"2102.20","1","Inactive yeasts; other single-cell microorganisms, dead:","","","","","",""
"2102.20.20.00","2","Yeasts (except dried brewers' yeast)","[""kg""]","6.4%","Free (A*,AU,BH,CL,CO,D,E,IL,JO,KR,MA,OM,P,PA,PE,S,SG)","20%","",""
"2102.20.40.00","2","Dried brewers' yeast, crude","[""kg""]","Free","","Free","",""
"2102.20.60.00","2","Other","[""kg""]","3.2%","Free (A*,AU,BH,CL,CO,D,E,IL,JO,KR,MA,OM,P,PA,PE,S,SG)","25%","",""
"2102.30.00.00","1","Prepared baking powders","[""kg""]","Free","","25%","",""
"2103","0","Sauces and preparations therefore; mixed condiments and mixed seasonings; mustard flour and meal and prepared mustard:","","","","","",""
"2103.10.00.00","1","Soy sauce","[""kg""]","3%","Free (A*,AU,BH,CL,CO,D,E,IL,JO,JP,KR,MA,OM,P,PA,PE,S,SG)","35%","",""
"2103.20","1","Tomato ketchup and other tomato sauces:","","","","","",""
"2103.20.20.00","2","Tomato ketchup","[""kg""]","6%","Free (A,AU,BH,CL,CO,D,E,IL,JO,KR,MA,OM,P,PA,PE,S,SG)","35%","",""
"2103.20.40","2","Other","","11.6%","Free (A+,AU,BH,CL,CO,D,E,IL,JO,KR,MA,OM,P,PA,PE,S,SG)","50%","",""
"2103.20.40.20","3","In containers holding less than 1.4 kg","[""kg""]","","","","",""
"2103.20.40.40","3","Other","[""kg""]","","","","",""
"2103.30","1","Mustard flour and meal and prepared mustard:","","","","","",""
"2103.30.20.00","2","Mustard flour and meal","[""kg""]","Free","","22¢/kg","",""
"2103.30.40.00","2","Prepared mustard","[""kg""]","2.8¢/kg","Free (A*,AU,BH,CL,CO,D,E,IL,JO,KR,MA,OM,P,PA,PE,S,SG)","22¢/kg","",""
"2103.90","1","Other:","","","","","",""
"2103.90.20.00","2","Sauces derived or prepared from fish","[""kg""]","Free","","30%","",""
"2103.90.40.00","2","Nonalcoholic preparations of yeast extract (other than sauces)","[""kg""]","3.2%","Free (A,AU,BH,CL,CO,D,E,IL,JO,JP,KR,MA,OM,P,PA,PE,S,SG)","20%","",""
"","2","Other:","","","","","",""
"","3","Mixed condiments and mixed seasonings:","","","","","",""
"","4","Mixed condiments and mixed seasonings described in additional U.S. note 3 to this chapter:","","","","","",""
"2103.90.72.00","5","Described in general note 15 of the tariff schedule and entered pursuant to its provisions","[""kg""]","7.5%","Free (A,AU,BH,CL,CO,D,E,IL,JO,KR,MA,OM,P,PA,PE,S,SG) 3.75% (JP)","35%","",""
"2103.90.74.00","5","Described in additional U.S. note 4 to this chapter and entered pursuant to its provisions","[""kg""]","7.5%","Free (A,BH,CL,CO,D,E,IL,JO,KR,MA,OM,P,PA,PE,S,SG)","35%","",""
"2103.90.78.00","5","Other","[""kg""]","30.5¢/kg + 6.4%","Free (BH,CL,JO,KR,OM,SG) See 9822.05.20 (P+) See 9822.06.10 (PE) See 9822.08.01 (CO) See 9822.09.17 (PA) See 9823.10.01-9823.10.45 (S+) See 9822.03.01(MA)","35.9¢/kg + 7.5%","",""
"2103.90.80.00","4","Other","[""kg""]","6.4%","Free (A,AU,BH,CL,CO,D,E,IL,JO,KR,MA,OM,P,PA,PE,S,SG)","35%","",""
"2103.90.90","3","Other","","6.4%","Free (A,AU,BH,CL,CO,D,E,IL,JO,KR,MA,OM,P,PA,PE,S,SG)","35%","",""
"2103.90.90.20","4","Mayonnaise","[""kg""]","","","","",""
"2103.90.90.40","4","Other salad dressings","[""kg""]","","","","",""
"","4","Tomato-based preparations for sauces:","","","","","",""
"2103.90.90.51","5","In containers holding less than 1.4 kg","[""kg""]","","","","",""
"2103.90.90.59","5","Other","[""kg""]","","","","",""
"2103.90.90.91","4","Other","[""kg""]","","","","",""
"2104","0","Soups and broths and preparations therefor; homogenized composite food preparations:","","","","","",""
"2104.10.00","1","Soups and broths and preparations therefor","","3.2%","Free (A,AU,BH,CL,CO,D,E,IL,JO,KR,MA,OM,P,PA,PE,S,SG)","35%","",""
"2104.10.00.20","2","Dried","[""kg""]","","","","",""
"","2","Other:","","","","","",""
"2104.10.00.40","3","Based on fish or other seafood","[""kg""]","","","","",""
"2104.10.00.60","3","Other","[""kg""]","","","","",""
"2104.20","1","Homogenized composite food preparations:","","","","","",""
"2104.20.10.00","2","Put up for retail sale as food suitable for infants or for dietetic purposes","[""kg""]","2.5%","Free (A,AU,BH,CL,CO,D,E,IL,JO,KR,MA,OM,P,PA,PE,S,SG)","20%","",""
"2104.20.50.00","2","Put up for retail sale as food suitable for young children","[""kg""]","6.4%","Free (A,AU,BH,CL,CO,D,E,IL,JO,KR,MA,OM,P,PA,PE,S,SG)","20%","",""
"2105.00","0","Ice cream and other edible ice, whether or not containing cocoa:","","","","","",""
"","1","Ice cream:","","","","","",""
"2105.00.05.00","2","Described in general note 15 of the tariff schedule and entered pursuant to its provisions","[""kg""]","20%","Free (A+,AU,BH,CL,CO,D,E,IL,JO,KR,MA,OM,P,PA,PE,S,SG) 10% (JP)","20%","",""
"2105.00.10.00","2","Described in additional U.S. note 5 to this chapter and entered pursuant to its provisions","[""kg"",""liters""]","20%","Free (A+,BH,CL,CO,D,E,IL,JO,KR,MA,OM,P,PA,PE,S,SG)","20%","",""
"2105.00.20.00","2","Other","[""kg"",""liters""]","50.2¢/kg + 17%","Free (BH,CL,CO,JO,KR,MA,OM,P,PE,SG) See 9822.04.05 (AU) See 9823.01.01-9823.01.07 (S+) See 9908.21.01 (IL) See 9919.21.10, 9919.21.11-9919.21.12 (PA)","59¢/kg +20%","",""
"","1","Other:","","","","","",""
"","2","Dairy products described in additional U.S. note 1 to chapter 4:","","","","","",""
"2105.00.25.00","3","Described in general note 15 of the tariff schedule and entered pursuant to its provisions","[""kg""]","20%","Free (A+,AU,BH,CL,CO,D,E,IL,JO,KR,MA,OM,P,PA,PE,S,SG) 10% (JP)","20%","",""
"2105.00.30.00","3","Described in additional U.S. note 10 to chapter 4 and entered pursuant to its provisions","[""kg"",""kg cmsc""]","20%","Free (A+,AU,BH,CL,CO,D,E,IL,JO,KR,MA,OM,P,PA,PE,S,SG)","20%","",""
"2105.00.40.00","3","Other","[""kg"",""kg cmsc""]","50.2¢/kg + 17%","Free (BH,CL,JO,KR,MA,OM,P,PE,SG) 3.3¢/kg + 1.1% (PA) See 9822.04.25 (AU) See 9823.08.01-9823.08.38 (S+) See 9918.04.60-9918.04.80 (CO)","59¢/kg + 20%","",""
"2105.00.50.00","2","Other","[""kg""]","17%","Free (A+,AU,BH,CL,CO,D,E,IL,JO,KR,MA,OM,P,PA,PE,S,SG)","20%","",""
"2106","0","Food preparations not elsewhere specified or included:","","","","","",""
"2106.10.00.00","1","Protein concentrates and textured protein substances","[""kg""]","6.4%","Free (A,AU,BH,CL,CO,D,E,IL,JO,KR,MA,OM,P,PA,PE,S,SG)","20%","",""
"2106.90","1","Other:","","","","","",""
"","2","Products derived from the dried milk, dried buttermilk or dried whey of subheadings 0402.10, 0402.21.05, 0402.21.25, 0402.21.30, 0402.21.50, 0403.90.41, 0403.90.45, 0404.10.50 or 0404.10.90, which contain not over 5.5 percent by weight of butterfat and which are mixed with other ingredients including, but not limited to sugar, if such mixtures contain over 16 percent milk solids by weight, are capable of being further processed or mixed with similar ingredients and are not prepared for marketing to the retail consumer in the identical form and package in which imported:","","","","","",""
"2106.90.03.00","3","Described in general note 15 of the tariff schedule and entered pursuant to its provisions","[""kg""]","2.9¢/kg","Free (A*,AU,BH,CL,CO,D,E,IL,JO,KR,MA,OM,P,PA,PE,S,SG)","12.1¢/kg","",""
"2106.90.06.00","3","Described in additional U.S. note 10 to chapter 4 and entered pursuant to its provisions","[""kg"",""kg cmsc""]","2.9¢/kg","Free (A*,AU,BH,CL,CO,D,E,IL,JO,KR,MA,OM,P,PA,PE,S,SG)","12.1¢/kg","",""
"2106.90.09.00","3","Other","[""kg"",""kg cmsc""]","86.2¢/kg","Free (BH,CL,JO,KR,MA,OM,P,PE,SG) 5.7¢/kg (PA) See 9822.04.25 (AU) See 9823.08.01-9823.08.38 (S+) See 9918.04.60-9918.04.80 (CO)","$1.014/kg","",""
"","2","Compound alcoholic preparations of an alcoholic strength by volume exceeding 0.5 percent vol., of a kind used for the manufacture of beverages:","","","","","",""
"2106.90.12.00","3","Containing not over 20 percent of alcohol by weight","[""kg""]","4.2¢/kg + 1.9%","Free (A*,AU,BH,CL,CO,D,E,IL,JO,KR,MA,OM,P,PA,PE,S,SG)","44¢/kg + 25%","",""
"2106.90.15.00","3","Containing over 20 percent but not over 50 percent of alcohol by weight","[""kg""]","8.4¢/kg + 1.9%","Free (A*,AU,BH,CL,CO,D,E,IL,JO,KR,MA,OM,P,PA,PE,S,SG)","88¢/kg + 25%","",""
"2106.90.18.00","3","Containing over 50 percent of alcohol by weight","[""kg""]","17¢/kg + 1.9%","Free (A*,AU,BH,CL,CO,D,E,IL,JO,KR,MA,OM,P,PA,PE,S,SG)","$1.76/kg + 25%","",""
"","2","Butter substitutes, whether in liquid or solid state, containing over 15 percent by weight of butter or other fats or oils derived from milk:","","","","","",""
"","3","Containing over 10 percent by weight of milk solids:","","","","","",""
"","4","Butter substitutes containing over 45 percent by weight of butterfat:","","","","","",""
"2106.90.22.00","5","Described in general note 15 of the tariff schedule and entered pursuant to its provisions","[""kg""]","15.4¢/kg","Free (A+,AU,BH,CL,CO,D,E,IL,JO,KR,MA,OM,P,PA,PE,S,SG)","31¢/kg","",""
"2106.90.24.00","5","Described in additional U.S. note 14 to chapter 4 and entered pursuant to its provisions","[""kg"",""kg cmsc""]","15.4¢/kg","Free (A+,BH,CL,CO,D,E,IL,JO,KR,MA,OM,P,PA,PE,S,SG)","31¢/kg","",""
"2106.90.26.00","5","Other","[""kg"",""kg cmsc""]","$1.996/kg","Free (BH,CL,CO,JO,KR,MA,OM,P,PE,SG) 13.3¢/kg (PA) See 9822.04.10 (AU) See 9823.03.01-9823.03.12 (S+)","$2.348/kg","",""
"2106.90.28.00","4","Other","[""kg"",""kg cmsc""]","13.1¢/kg","Free (A+,AU,BH,CL,CO,D,E,IL,JO,KR,MA,OM,P,PA,PE,S,SG)","31¢/kg","",""
"","3","Other:","","","","","",""
"","4","Butter substitutes containing over 45 percent by weight of butterfat:","","","","","",""
"2106.90.32.00","5","Described in general note 15 of the tariff schedule and entered pursuant to its provisions","[""kg""]","15.4¢/kg","Free (A+,AU,BH,CL,CO,D,E,IL,JO,KR,MA,OM,P,PA,PE,S,SG)","31¢/kg","",""
"2106.90.34.00","5","Described in additional U.S. note 14 to chapter 4 and entered pursuant to its provisions","[""kg"",""kg cmsc""]","15.4¢/kg","Free (A+,BH,CL,CO,D,E,IL,JO,KR,MA,OM,P,PA,PE,S,SG)","31¢/kg","",""
"2106.90.36.00","5","Other","[""kg"",""kg cmsc""]","$1.996/kg","Free (BH,CL,CO,JO,KR,MA,OM,P,PE,SG) 13.3¢/kg (PA) See 9822.04.10 (AU) See 9823.03.01-9823.03.12 (S+)","$2.348/kg","",""
"2106.90.38.00","4","Other","[""kg"",""kg cmsc""]","13.1¢/kg","Free (A+,AU,BH,CL,CO,D,E,IL,JO,KR,MA,OM,P,PA,PE,S,SG)","31¢/kg","",""
"2106.90.39.00","2","Artificially sweetened cough drops","[""kg""]","Free","","30%","",""
"","2","Syrups derived from cane or beet sugar, containing added coloring but not added flavoring matter:","","","","","",""
"2106.90.42.00","3","Described in general note 15 of the tariff schedule and entered pursuant to its provisions","[""kg""]","3.6606¢/kg of total sugars","Free (A*,AU,BH,CL,CO,D,E*,IL,JO,KR,MA,OM,P,PA,PE,S,SG)","6.58170¢/kg of total sugars","",""
"2106.90.44.00","3","Described in additional U.S. note 5 to chapter 17 andentered pursuant to its provisions","[""kg""]","3.6606¢/kg of total sugars","Free (A*,BH,CL,CO,D,E*,IL,JO,KR,MA,OM,P,PA,PE,S,SG) See 9822.05.15 (P+)","6.58170¢/kg of total sugars","",""
"2106.90.46.00","3","Other","[""kg""]","35.74¢/kg","Free (BH,CL,JO,KR,OM,SG) See 9822.05.20 (P+) See 9822.06.10 (PE) See 9822.08.01 (CO) See 9822.09.17 (PA) See 9823.10.01-9823.10.45 (S+) See 9822.03.01(MA)","42.05¢/kg","",""
"","2","Fruit or vegetable juices, fortified with vitamins or minerals:","","","","","",""
"2106.90.48.00","3","Orange juice","[""liters""]","7.85¢/liter","Free (A+,AU,BH,CL,CO,D,E,IL,JO,KR,MA,OM,P,PA,PE,S,SG)","18¢/liter","",""
"","3","Other:","","","","","",""
"2106.90.52.00","4","Juice of any single fruit or vegetable","[""liters""]","The rate applicable to the natural juice in heading 2009","Free (AU,BH,CL,CO,E,IL,JO,KR,MA,OM,P,PA,PE,S,SG)The rate applicable to the natural juice in heading 2009 (A*,D)","The rate applicable to the natural juice in heading 2009","",""
"2106.90.54.00","4","Mixtures of juices","[""liters""]","The rate applicable to the natural juice in heading 2009","Free (AU,BH,CL,CO,E,IL,JO,KR,MA,OM,P,PA,PE,S,SG)The rate applicable to the natural juice in heading 2009 (A*,D)","The rate applicable to the natural juice in heading 2009","",""
"","2","Other:","","","","","",""
"2106.90.58","3","Of gelatin","","4.8%","Free (A*,AU,BH,CL,CO,D,E,IL,JO,KR,MA,OM,P,PA,PE,S,SG)","25%","",""
"","4","Put up for retail sale:","","","","","",""
"2106.90.58.30","5","Containing sugar derived from sugar cane or sugar beets","[""kg""]","","","","",""
"2106.90.58.50","5","Other","[""kg""]","","","","",""
"","4","Other:","","","","","",""
"2106.90.58.70","5","Containing sugar derived from sugar cane or sugar beets","[""kg""]","","","","",""
"2106.90.58.90","5","Other","[""kg""]","","","","",""
"","3","Other:","","","","","",""
"","4","Containing over 10 percent by weight of milk solids","","","","","",""
"2106.90.62.00","5","Described in general note 15 of the tariff schedule and entered pursuant to its provisions","[""kg""]","10%","Free (A+,AU,BH,CL,CO,D,E,IL,JO,KR,MA,OM,P,PA,PE,S,SG)","20%","",""
"","5","Other, dairy products described in additional U.S. note 1 to chapter 4:","","","","","",""
"2106.90.64.00","6","Described in additional U.S. note 10 to chapter 4 and entered pursuant to its provisions","[""kg"",""kg cmsc""]","10%","Free (A+,AU,BH,CL,CO,D,E,IL,JO,KR,MA,OM,P,PA,PE,S,SG)","20%","",""
"2106.90.66.00","6","Other","[""kg"",""kg cmsc""]","70.4¢/kg + 8.5%","Free (BH,CL,JO,KR,MA,OM,P,PE,SG) 4.6¢/kg + 0.5% (PA) See 9822.04.25 (AU) See 9823.08.01-9823.08.38 (S+) See 9918.04.60, 9918.04.67 (CO)","82.8¢/kg + 10%","",""
"","5","Other:","","","","","",""
"","6","Blended syrups described in additional U.S. note 4 to chapter 17:","","","","","",""
"2106.90.68.00","7","Described in additional U.S. note 9 to chapter 17 and entered pursuant to its provisions","[""kg"",""kg cmsc""]","10%","Free (CO,KR,OM,PA,PE,S)","20%","",""
"2106.90.72.00","7","Other","[""kg"",""kg cmsc""]","70.4¢/kg + 8.5%","Free (BH,CL,JO,KR,OM,SG) See 9822.05.20 (P+) See 9822.06.10 (PE) See 9822.08.01 (CO) See 9822.09.17 (PA) See 9823.10.01-9823.10.45 (S+) See 9822.03.01(MA)","82.8¢/kg + 10%","",""
"","6","Articles containing over 65 percent by dry weight of sugar described in additional U.S. note 2 to chapter 17:","","","","","",""
"2106.90.74.00","7","Described in additional U.S. note 7 to chapter 17 and entered pursuant to its provisions","[""kg"",""kg cmsc""]","10%","Free (CO,KR,OM,PA,PE,S)","20%","",""
"2106.90.76.00","7","Other","[""kg"",""kg cmsc""]","70.4¢/kg + 8.5%","Free (BH,CL,JO,KR,OM,SG) See 9822.05.20 (P+) See 9822.06.10 (PE) See 9822.08.01 (CO) See 9822.09.17 (PA) See 9823.10.01-9823.10.45 (S+) See 9822.03.01(MA)","82.8¢/kg + 10%","",""
"","6","Articles containing over 10 percent by dry weight of sugar described in additional U.S. note 3 to chapter 17:","","","","","",""
"2106.90.78.00","7","Described in additional U.S. note 8 to chapter 17 and entered pursuant to its provisions","[""kg"",""kg cmsc""]","10%","Free (A+,BH,CL,CO,D,E,IL,JO,KR,MA,OM,P,PA,PE,S,SG)","20%","",""
"2106.90.80.00","7","Other","[""kg"",""kg cmsc""]","70.4¢/kg + 8.5%","Free (BH,CL,JO,KR,OM,SG) See 9822.05.20 (P+) See 9822.06.10 (PE) See 9822.08.01 (CO) See 9822.09.17 (PA) See 9823.10.01-9823.10.45 (S+) See 9822.03.01(MA)","82.8¢/kg + 10%","",""
"2106.90.82.00","6","Other","[""kg"",""kg cmsc""]","6.4%","Free (A*,AU,BH,CL,CO,D,E,IL,JO,KR,MA,OM,P,PA,PE,S,SG)","20%","",""
"","4","Other:","","","","","",""
"2106.90.83.00","5","Described in general note 15 of the tariff schedule and entered pursuant to its provisions","[""kg""]","10%","Free (A+,AU,BH,CL,CO,D,E,IL,JO,KR,MA,OM,P,PA,PE,S,SG)","20%","",""
"","5","Other, dairy products described in additional U.S. note 1 to chapter 4:","","","","","",""
"2106.90.85.00","6","Described in additional U.S. note 10 to chapter 4 and entered pursuant to its provisions","[""kg""]","10%","Free (A+,AU,BH,CL,CO,D,E,IL,JO,KR,MA,OM,P,PA,PE,S,SG)","20%","",""
"2106.90.87.00","6","Other","[""kg""]","28.8¢/kg + 8.5%","Free (BH,CL,JO,KR,MA,OM,P,PE,SG) 1.9¢/kg + 0.5% (PA) See 9822.04.25 (AU) See 9823.08.01-9823.08.38 (S+) See 9918.04.60, 9918.04.79 (CO)","33.9¢/kg +10%","",""
"","5","Other:","","","","","",""
"","6","Blended syrups described in additional U.S. note 4 to chapter 17:","","","","","",""
"2106.90.89.00","7","Described in additional U.S. note 9 to chapter 17 and entered pursuant to its provisions","[""kg""]","10%","Free (CO,KR,OM,PA,PE,S)","20%","",""
"2106.90.91.00","7","Other","[""kg""]","28.8¢/kg + 8.5%","Free (BH,CL,JO,KR,OM,SG) See 9822.05.20 (P+) See 9822.06.10 (PE) See 9822.08.01 (CO) See 9822.09.17 (PA) See 9823.10.01-9823.10.45 (S+) See 9822.03.01(MA)","33.9¢/kg + 10%","",""
"","6","Articles containing over 65 percent by dry weight of sugar described in additional U.S. note 2 to chapter 17:","","","","","",""
"2106.90.92.00","7","Described in additional U.S. note 7 to chapter 17 and entered pursuant to its provisions","[""kg""]","10%","Free (CO,KR,OM,PA,PE,S)","20%","",""
"2106.90.94.00","7","Other","[""kg""]","28.8¢/kg + 8.5%","Free (BH,CL,JO,KR,OM,SG) See 9822.05.20 (P+) See 9822.06.10 (PE) See 9822.08.01 (CO) See 9822.09.17 (PA) See 9823.10.01-9823.10.45 (S+) See 9822.03.01(MA)","33.9¢/kg + 10%","",""
"","6","Articles containing over 10 percent by dry weight of sugar described in additional U.S. note 3 to chapter 17:","","","","","",""
"2106.90.95.00","7","Described in additional U.S. note 8 to chapter 17 and entered pursuant to its provisions","[""kg""]","10%","Free (A+,BH,CL,CO,D,E,IL,JO,KR,MA,OM,P,PA,PE,S,SG)","20%","",""
"2106.90.97.00","7","Other","[""kg""]","28.8¢/kg + 8.5%","Free (BH,CL,JO,KR,OM,SG) See 9822.05.20 (P+) See 9822.06.10 (PE) See 9822.08.01 (CO) See 9822.09.17 (PA) See 9823.10.01-9823.10.45 (S+) See 9822.03.01(MA)","33.9¢/kg + 10%","",""
"2106.90.99","6","Other","","6.4%","Free (A,AU,BH,CL,CO,D,E,IL,JO,KR,MA,OM,P,PA,PE,S,SG)","20%","",""
"","7","Preparations for the manufacture of beverages:","","","","","",""
"2106.90.99.71","8","Containing high-intensity sweeteners (e.g., aspartame and/or saccharin","[""kg""]","","","","",""
"2106.90.99.72","8","Containing sugar derived from sugar cane and/or sugar beets","[""kg""]","","","","",""
"2106.90.99.73","8","Other","[""kg""]","","","","",""
"2106.90.99.75","7","Non-dairy coffee whiteners","[""kg""]","","","","",""
"2106.90.99.80","7","Other cream or milk substitutes","[""kg""]","","","","",""
"2106.90.99.85","7","Confectionery (including gum) containing synthetic sweetening agents (e.g., saccharin) instead of sugar","[""kg""]","","","","",""
"2106.90.99.87","7","Herbal teas and herbal infusions comprising mixed herbs","[""kg""]","","","","",""
"2106.90.99.88","7","Flavored honey","[""kg""]","","","","",""
"","7","Other:","","","","","",""
"2106.90.99.90","8","Canned","[""kg""]","","","","",""
"","8","Other:","","","","","",""
"2106.90.99.95","9","Frozen","[""kg""]","","","","",""
"","9","Other:","","","","","",""
"2106.90.99.97","10","Containing sugar derived from sugar cane and/or sugar beets","[""kg""]","","","","",""
"2106.90.99.98","10","Other","[""kg""]","","","","",""
"2201","0","Waters, including natural or artificial mineral waters and aerated waters, not containing added sugar or other sweetening matter nor flavored; ice and snow:","","","","","",""
"2201.10.00.00","1","Mineral waters and aerated waters","[""liters""]","0.26¢/liter","Free (A,AU,BH,CL,CO,D,E,IL,JO,KR,MA,OM,P,PA,PE,S,SG)","2.6¢/liter","",""
"2201.90.00.00","1","Other","[""t""]","Free","","Free","",""
"2202","0","Waters, including mineral waters and aerated waters, containing added sugar or other sweetening matter or flavored, and other non-alcoholic beverages, not including fruit, nut or vegetable juices of heading 2009:","","","","","",""
"2202.10.00","1","Waters, including mineral waters and aerated waters, containing added sugar or other sweetening matter or flavored","","0.2¢/liter","Free (A,AU,BH,CL,CO,D,E,IL,JO,KR,MA,OM,P,PA,PE,S,SG)","4¢/liter","",""
"","2","Carbonated soft drinks:","","","","","",""
"2202.10.00.20","3","Containing high-intensity sweeteners (e.g., aspartame and/or saccharin)","[""liters""]","","","","",""
"","3","Other:","","","","","",""
"2202.10.00.45","4","In aluminum containers","[""liters""]","","","","",""
"2202.10.00.55","4","Other","[""liters""]","","","","",""
"","2","Other:","","","","","",""
"2202.10.00.65","3","In aluminum containers","[""liters""]","","","","",""
"2202.10.00.75","3","Other","[""liters""]","","","","",""
"","1","Other:","","","","","",""
"2202.91.00","2","Non-alcoholic beer","","0.2¢/liter","Free (A*,AU,BH,CL,CO,D,E,IL,JO,KR,MA,OM,P,PA,PE,S,SG)","4¢/liter","",""
"2202.91.00.10","3","In aluminum containers","[""liters""]","","","","",""
"2202.91.00.20","3","Other","[""liters""]","","","","",""
"2202.99","2","Other:","","","","","",""
"","3","Milk-based drinks:","","","","","",""
"2202.99.10.00","4","Chocolate milk drink","[""liters"",""kg cmsc""]","17%","Free (A+,AU,BH,CL,CO,D,E,IL,JO,KR,MA,OM,P,PA,PE,S,SG)","20%","",""
"","4","Other:","","","","","",""
"2202.99.22.00","5","Described in general note 15 of the tariff schedule and entered pursuant to its provisions","[""liters"",""kg""]","17.5%","Free (A+,AU,BH,CL,CO,D,E,IL,JO,KR,MA,OM,P,PA,PE,S,SG)","35%","",""
"2202.99.24.00","5","Described in additional U.S. note 10 to chapter 4 and entered pursuant to its provisions","[""liters"",""kg""]","17.5%","Free (A+,AU,BH,CL,CO,D,E,IL,JO,KR,MA,OM,P,PA,PE,S,SG)","35%","",""
"2202.99.28.00","5","Other","[""liters"",""kg""]","23.5¢/liter + 14.9%","Free (BH,CL,JO,KR,MA,OM,P,PA,PE,SG) See 9822.04.25 (AU) See 9823.01.01-9823.01.07 (S+) See 9918.04.60, 9918.04.80 (CO)","27.6¢/liter+ 17.5%","",""
"","3","Fruit or vegetable juices, fortified with vitamins or minerals:","","","","","",""
"","4","Orange juice:","","","","","",""
"2202.99.30.00","5","Not made from a juice having a degree of concentration of 1.5 or more (as determined before correction to the nearest 0.5 degree)","[""liters""]","4.5¢/liter","Free (A+,AU,BH,CL,CO,D,E,IL,JO,KR,MA,OM,P,PA,PE,S,SG)","18¢/liter","",""
"2202.99.35.00","5","Other","[""liters""]","7.85¢/liter","Free (A+,AU,BH,CL,CO,D,E,IL,JO,KR,MA,OM,P,PA,PE,S,SG)","18¢/liter","",""
"","4","Other:","","","","","",""
"2202.99.36.00","5","Juice of any single fruit or vegetable","[""liters""]","The rate applicable to the natural juice in heading 2009","Free (AU,BH,CL,CO,D,E,IL,JO,KR,MA,OM,P,PA,PE,S,SG)The rate applicable to the natural juice in heading 2009(A*)","The rate applicable to the natural juice in heading 2009","",""
"2202.99.37.00","5","Mixtures of juices","[""liters""]","The rate applicable to the natural juice in heading 2009","Free (AU,BH,CL,CO,D,E,IL,JO,KR,MA,OM,P,PA,PE,S,SG) The rate applicable to the natural juice in heading 2009 (A*)","The rate applicable to the natural juice in heading 2009","",""
"2202.99.91","3","Other","","0.2¢/liter","Free (A,AU,BH,CL,CO,D,E,IL,JO,KR,MA,OM,P,PA,PE,S,SG)","4¢/liter","",""
"2202.99.91.10","4","In aluminum containers","[""liters""]","","","","",""
"2202.99.91.20","4","Other","[""liters""]","","","","",""
"2203.00.00","0","Beer made from malt","","Free","","13.2¢/liter","",""
"","1","In containers each holding not over 4 liters:","","","","","",""
"2203.00.00.30","2","In glass containers","[""liters""]","","","","",""
"2203.00.00.60","2","Other","[""liters""]","","","","",""
"2203.00.00.90","1","In containers each holding over 4 liters","[""liters""]","","","","",""
"2204","0","Wine of fresh grapes, including fortified wines; grape must other than that of heading 2009:","","","","","",""
"2204.10.00","1","Sparkling wine","","19.8¢/liter","Free (A,AU,BH,CL,CO,D,E,IL,KR,MA,OM,P,PA,PE,S,SG)8.8¢/liter(JO)","$1.59/liter","",""
"2204.10.00.30","2","Valued not over $1.59/liter","[""liters""]","","","","",""
"","2","Valued over $1.59/liter:","","","","","",""
"2204.10.00.65","3","Certified organic","[""liters""]","","","","",""
"2204.10.00.75","3","Other","[""liters""]","","","","",""
"","1","Other wine; grape must with fermentation prevented or arrested by the addition of alcohol:","","","","","",""
"2204.21","2","In containers holding 2 liters or less:","","","","","",""
"2204.21.20.00","3","Effervescent wine","[""liters""]","19.8¢/liter","Free (A+,AU,BH,CL,CO,D,E,IL,KR,MA,OM,P,PA,PE,S,SG) 8.8¢/liter (JO)","$1.59/liter","",""
"","3","Other:","","","","","",""
"","4","Of an alcoholic strength by volume not over 14 percent vol.:","","","","","",""
"2204.21.30.00","5","If entitled under regulations of the United States Internal Revenue Service to a type designation which includes the name ""Tokay"" and if so designated on the approved label","[""liters""]","6.3¢/liter","Free (A,AU,BH,CL,CO,D,E,IL,KR,MA,OM,P,PA,PE,S,SG)2.8¢/liter(JO)","33¢/liter","",""
"2204.21.50","5","Other","","6.3¢/liter","Free (A+,AU,BH,CL,CO,D,E,IL,KR,MA,OM,P,PA,PE,S,SG) 2.8¢/liter (JO)","33¢/liter","",""
"","6","Valued not over $1.05/liter:","","","","","",""
"2204.21.50.05","7","Red","[""liters""]","","","","",""
"2204.21.50.15","7","White","[""liters""]","","","","",""
"2204.21.50.25","7","Other","[""liters""]","","","","",""
"","6","Valued over $1.05/liter:","","","","","",""
"2204.21.50.28","7","Icewine","[""liters""]","","","","",""
"","7","Other:","","","","","",""
"","8","Red:","","","","","",""
"2204.21.50.35","9","Certified organic","[""liters""]","","","","",""
"2204.21.50.40","9","Not certified organic","[""liters""]","","","","",""
"","8","White:","","","","","",""
"2204.21.50.50","9","Certified organic","[""liters""]","","","","",""
"2204.21.50.55","9","Not certified organic","[""liters""]","","","","",""
"2204.21.50.60","8","Other","[""liters""]","","","","",""
"","4","Of an alcoholic strength by volume over 14 percent vol.:","","","","","",""
"2204.21.60.00","5","If entitled under regulations of the United States Internal Revenue Service to a type designation which includes the name ""Marsala"" and if so designated on the approved label","[""liters""]","5.3¢/liter","Free (A,AU,BH,CL,CO,D,E,IL,KR,MA,OM,P,PA,PE,S,SG)2.3¢/liter(JO)","33¢/liter","",""
"2204.21.80","5","Other","","16.9¢/liter","Free (A,AU,BH,CL,CO,D,E,IL,KR,MA,OM,P,PA,PE,S,SG)7.5¢/liter(JO)","33¢/liter","",""
"2204.21.80.30","6","Sherry","[""liters""]","","","","",""
"2204.21.80.60","6","Other","[""liters""]","","","","",""
"2204.22","2","In containers holding more than 2 liters but not more than 10 liters:","","","","","",""
"","3","In containers holding more than 2 liters but not more than 4 liters:","","","","","",""
"2204.22.20","4","Of an alcoholic strength by volume not over 14 percent vol","","8.4¢/liter","Free (A+,AU,BH,CL,CO,D,E,IL,KR,MA,OM,P,PA,PE,S,SG) 3.7¢/liter (JO)","33¢/liter","",""
"","5","Valued not over $1.05/liter:","","","","","",""
"2204.22.20.05","6","Red","[""liters""]","","","","",""
"2204.22.20.15","6","White","[""liters""]","","","","",""
"2204.22.20.25","6","Other","[""liters""]","","","","",""
"","5","Valued over $1.05/liter:","","","","","",""
"2204.22.20.30","6","Red","[""liters""]","","","","",""
"2204.22.20.45","6","White","[""liters""]","","","","",""
"2204.22.20.60","6","Other","[""liters""]","","","","",""
"2204.22.40.00","4","Of an alcoholic strength by volume over 14 percent vol","[""liters""]","22.4¢/liter","Free (A+,AU,BH,CL,CO,D,E,IL,KR,MA,OM,P,PA,PE,S,SG) 9.9¢/liter (JO)","33¢/liter","",""
"","3","In containers holding over 4 liters but not over 10 liters:","","","","","",""
"2204.22.60.00","4","Of an alcoholic strength by volume not over 14 percent vol.","[""liters""]","14¢/liter","Free (A+,AU,BH,CL,CO,D,E,IL,KR,MA,OM,P,PA,PE,S,SG) 6.2¢/liter (JO)","33¢/liter","",""
"2204.22.80.00","4","Of an alcoholic strength by volume over 14 percent vol","[""liters""]","22.4¢/liter","Free (A+,AU,BH,CL,CO,D,E,IL,KR,MA,OM,P,PA,PE,S,SG) 9.9¢/liter (JO)","33¢/liter","",""
"2204.29","2","Other:","","","","","",""
"2204.29.61.00","3","Of an alcoholic strength by volume not over 14 percent vol.","[""liters""]","14¢/liter","Free (A+,AU,BH,CL,CO,D,E,IL,KR,MA,OM,P,PA,PE,S,SG) 6.2¢/liter (JO)","33¢/liter","",""
"2204.29.81.00","3","Of an alcoholic strength by volume over 14 percent vol","[""liters""]","22.4¢/liter","Free (A+,AU,BH,CL,CO,D,E,IL,KR,MA,OM,P,PA,PE,S,SG) 9.9¢/liter (JO)","33¢/liter","",""
"2204.30.00.00","1","Other grape must","[""liters"",""pf.liters""]","4.4¢/liter + 31.4¢/pf. liter","Free (A+,AU,BH,CL,CO,D,E,IL,KR,MA,OM,P,PA,PE,S,SG) 1.9¢/liter + 13.9¢/pf. liter (JO)","18.5¢/liter + $1.32/pf. liter","",""
"2205","0","Vermouth and other wine of fresh grapes flavored with plants or aromatic substances:","","","","","",""
"2205.10","1","In containers holding 2 liters or less:","","","","","",""
"2205.10.30.00","2","Vermouth","[""liters""]","3.5¢/liter","Free (A,AU,BH,CL,CO,D,E,IL,KR,MA,OM,P,PA,PE,S,SG)1.5¢/liter(JO)","33¢/ liter","",""
"2205.10.60.00","2","Other","[""liters""]","4.2¢/liter","Free (A,AU,BH,CL,CO,D,E,IL,KR,MA,OM,P,PA,PE,S,SG)1.8¢/liter(JO)","33¢/ liter","",""
"2205.90","1","Other:","","","","","",""
"","2","Vermouth:","","","","","",""
"2205.90.20.00","3","In containers each holding over 2 liters but not over 4 liters","[""liters""]","3.5¢/liter","Free (A,AU,BH,CL,CO,D,E,IL,KR,MA,OM,P,PA,PE,S,SG)1.5¢/liter(JO)","33¢/liter","",""
"2205.90.40.00","3","In containers each holding over 4 liters","[""liters""]","3.8¢/liter","Free (A+,AU,BH,CL,CO,D,E,IL,KR,MA,OM,P,PA,PE,S,SG) 1.6¢/liter (JO)","33¢/liter","",""
"2205.90.60.00","2","Other","[""liters""]","4.2¢/liter","Free (A,AU,BH,CL,CO,D,E,IL,KR,MA,OM,P,PA,PE,S,SG)1.8¢/liter(JO)","33¢/liter","",""
"2206.00","0","Other fermented beverages (for example, cider, perry, mead, sakè); mixtures of fermented beverages and mixtures of fermented beverages and non-alcoholic beverages, not elsewhere specified or included:","","","","","",""
"2206.00.15","1","Cider, whether still or sparkling","","0.4¢/liter","Free (A,AU,BH,CL,CO,D,E,IL,KR,MA,OM,P,PA,PE,S,SG)0.1¢/liter(JO)","1.3¢/liter","",""
"2206.00.15.10","2","Hard cider as described in statistical note 3 to this chapter","[""liters""]","","","","",""
"2206.00.15.20","2","Other","[""liters""]","","","","",""
"2206.00.30.00","1","Prune wine","[""liters"",""pf.liters""]","3.1¢/liter + 22.1¢/pf. liter on ethyl alcohol content","Free (A+,AU,BH,CL,CO,D,E, IL,KR,MA, OM,P,PA,PE,S, SG) 1.3¢/liter + 9.8¢/pf. liter on ethyl alcohol content (JO)","18.5¢/ liter + $1.32/pf. liter on ethyl alcohol content","",""
"2206.00.45.00","1","Rice wine or sakè","[""liters""]","3¢/liter","Free (A,AU,BH,CL,CO,D,E,IL,KR,MA,OM,P,PA,PE,S,SG)1.3¢/liter(JO)","33¢/liter","",""
"","1","Other:","","","","","",""
"2206.00.60.00","2","Effervescent wine","[""liters""]","13.9¢/liter","Free (A+,AU,BH,CL,CO,D,E,IL,KR,MA,OM,P,PA,PE,S,SG) 6.1¢/liter (JO)","$1.59/liter","",""
"2206.00.90","2","Other","","4.2¢/liter","Free (A,AU,BH,CL,CO,D,E,IL,KR,MA,OM,P,PA,PE,S,SG)1.8¢/liter(JO)","33¢/liter","",""
"","3","Mixtures of fermented beverages and non-alcoholic beverages, ready to consume as packaged, in containers each holding not over 4 liters:","","","","","",""
"2206.00.90.15","4","In aluminum containers","[""liters""]","","","","",""
"2206.00.90.25","4","Other","[""liters""]","","","","",""
"","3","Other:","","","","","",""
"2206.00.90.30","4","In aluminum containers","[""liters""]","","","","",""
"2206.00.90.40","4","Other","[""liters""]","","","","",""
"2207","0","Undenatured ethyl alcohol of an alcoholic strength by volume of 80 percent vol. or higher; ethyl alcohol and other spirits, denatured, of any strength:","","","","","",""
"2207.10","1","Undenatured ethyl alcohol of an alcoholic strength by volume of 80 percent vol. or higher:","","","","","",""
"2207.10.30.00","2","For beverage purposes","[""pf.liters""]","18.9¢/pf.liter","Free (A*,AU,BH,CL,CO,D,E,IL,JO,KR,MA,OM,P,PA,PE,S,SG)","$1.32/pf. liter","",""
"2207.10.60","2","For nonbeverage purposes","","2.5%","Free (A+,AU,BH,CL,CO,D,E,IL,JO,KR,MA,OM,P,PE,S,SG) See 9822.09.22-9822.09.24 (PA)","20%","",""
"2207.10.60.10","3","For fuel use","[""liters""]","","","","",""
"2207.10.60.90","3","Other","[""liters""]","","","","",""
"2207.20.00","1","Ethyl alcohol and other spirits, denatured, of any strength","","1.9%","Free (A+,AU,BH,CL,CO,D,E,IL,JO,KR,MA,OM,P,PE,S,SG) See 9822.09.22-9822.09.24 (PA)","20%","",""
"2207.20.00.10","2","For fuel use","[""liters""]","","","","",""
"2207.20.00.90","2","Other","[""liters""]","","","","",""
"2208","0","Undenatured ethyl alcohol of an alcoholic strength by volume of less than 80 percent vol.; spirits, liqueurs and other spirituous beverages:","","","","","",""
"2208.20","1","Spirits obtained by distilling grape wine or grape marc (grape brandy):","","","","","",""
"2208.20.10.00","2","Pisco and singani","[""pf.liters""]","Free","","$1.78/pf. liter","",""
"","2","Other:","","","","","",""
"","3","In containers each holding not over 4 liters:","","","","","",""
"2208.20.20.00","4","Valued not over $2.38/liter","[""pf.liters""]","Free","","$2.35/pf. liter","",""
"2208.20.30.00","4","Valued over $2.38 but not over $3.43/liter","[""pf.liters""]","Free","","$2.35/pf. liter","",""
"2208.20.40.00","4","Valued over $3.43/liter","[""pf.liters""]","Free","","$2.35/pf. liter","",""
"","3","In containers each holding over 4 liters:","","","","","",""
"2208.20.50.00","4","Valued not over $2.38/liter","[""pf.liters""]","Free","","$1.32/pf. liter","",""
"2208.20.60.00","4","Valued over $2.38/liter","[""pf.liters""]","Free","","$1.32/pf. liter","",""
"2208.30","1","Whiskies:","","","","","",""
"2208.30.30","2","Irish and Scotch","","Free","","$1.99/pf. liter","",""
"2208.30.30.30","3","In containers each holding not over 4 liters","[""pf.liters""]","","","","",""
"2208.30.30.60","3","In containers each holding over 4 liters","[""pf.liters""]","","","","",""
"2208.30.60","2","Other","","Free","","$2.04/pf. liter","",""
"","3","Bourbon:","","","","","",""
"2208.30.60.20","4","In containers each holding not over 4 liters","[""pf.liters""]","","","","",""
"2208.30.60.40","4","In containers each holding over 4 liters","[""pf.liters""]","","","","",""
"","3","Other:","","","","","",""
"","4","In containers each holding not over 4 liters:","","","","","",""
"2208.30.60.55","5","Rye","[""pf.liters""]","","","","",""
"2208.30.60.65","5","Other","[""pf.liters""]","","","","",""
"","4","In containers each holding over 4 liters:","","","","","",""
"2208.30.60.75","5","Rye","[""pf.liters""]","","","","",""
"2208.30.60.85","5","Other","[""pf.liters""]","","","","",""
"2208.40","1","Rum and other spirits obtained by distilling fermented sugar-cane products:","","","","","",""
"","2","In containers each holding not over 4 liters:","","","","","",""
"2208.40.20.00","3","Valued not over $3 per proof liter","[""pf.liters""]","23.7¢/pf.liter","Free (A+,AU,BH,CL,D,E,IL,KR,MA,OM,P,PA,PE,S,SG) 1.5¢/pf. liter (CO) 10.5¢/pf. liter (JO)","$1.32/pf. liter","",""
"2208.40.40.00","3","Valued over $3 per proof liter","[""pf.liters""]","Free","","$1.32/pf. liter","",""
"","2","In containers each holding over 4 liters:","","","","","",""
"2208.40.60.00","3","Valued not over 69¢ per proof liter","[""pf.liters""]","23.7¢/pf.liter","Free (A+,AU,BH,CL,D,E,IL,KR,MA,OM,P,PA,PE,S,SG) 1.5¢/pf. liter (CO) 10.5¢/pf.liter (JO)","$1.32/pf. liter","",""
"2208.40.80.00","3","Valued over 69¢ per proof liter","[""pf.liters""]","Free","","$1.32/pf. liter","",""
"2208.50.00","1","Gin and Geneve","","Free","","$1.99/pf. liter","",""
"2208.50.00.30","2","In containers each holding not over 4 liters","[""pf.liters""]","","","","",""
"2208.50.00.60","2","In containers each holding over 4 liters","[""pf.liters""]","","","","",""
"2208.60","1","Vodka:","","","","","",""
"","2","In containers each holding not over 4 liters:","","","","","",""
"2208.60.10.00","3","Valued not over $2.05/liter","[""pf.liters""]","Free","","$1.78/pf. liter","",""
"2208.60.20.00","3","Valued over $2.05/liter","[""pf.liters""]","Free","","$1.78/pf. liter","",""
"2208.60.50.00","2","In containers each holding over 4 liters","[""pf.liters""]","Free","","$1.32/pf. liter","",""
"2208.70.00","1","Liqueurs and cordials","","Free","","$3.08/pf. liter","",""
"2208.70.00.30","2","In containers each holding not over 4 liters","[""pf.liters""]","","","","",""
"2208.70.00.60","2","In containers each holding over 4 liters","[""pf.liters""]","","","","",""
"2208.90","1","Other:","","","","","",""
"2208.90.01.00","2","Aquavit","[""pf.liters""]","Free","","$1.99/pf. liter","",""
"","2","Bitters:","","","","","",""
"2208.90.05.00","3","Not fit for use as beverages","[""pf.liters""]","Free","","$1.32/pf. liter","",""
"2208.90.10.00","3","Fit for use as beverages","[""pf.liters""]","Free","","$1.32/pf. liter","",""
"","2","Brandy:","","","","","",""
"","3","Slivovitz:","","","","","",""
"","4","Valued not over $3.43/liter:","","","","","",""
"2208.90.12.00","5","In containers each holding not over 4 liters","[""pf.liters""]","Free","","$2.35/pf. liter","",""
"2208.90.14.00","5","In containers each holding over 4 liters","[""pf.liters""]","Free","","$1.32/pf. liter","",""
"2208.90.15.00","4","Valued over $3.43/liter","[""pf.liters""]","Free","","$2.35/pf. liter","",""
"","3","Other:","","","","","",""
"","4","In containers each holding not over 4 liters:","","","","","",""
"2208.90.20.00","5","Valued not over $2.38/liter","[""pf.liters""]","Free","","$2.35/pf. liter","",""
"2208.90.25.00","5","Valued over $2.38 but not over $3.43/liter","[""pf.liters""]","Free","","$2.35/pf. liter","",""
"2208.90.30.00","5","Valued over $3.43/liter","[""pf.liters""]","Free","","$2.35/pf. liter","",""
"","4","In containers each holding over 4 liters:","","","","","",""
"2208.90.35.00","5","Valued not over $2.38/liter","[""pf.liters""]","Free","","$1.32/pf. liter","",""
"2208.90.40.00","5","Valued over $2.38/liter","[""pf.liters""]","Free","","$1.32/pf. liter","",""
"2208.90.46","2","Kirschwasser and ratafia","","Free","","$3.08/pf. liter","",""
"2208.90.46.30","3","In containers each holding not over 4 liters","[""pf.liters""]","","","","",""
"2208.90.46.60","3","In containers each holding over 4 liters","[""pf.liters""]","","","","",""
"","2","Tequila:","","","","","",""
"2208.90.50.00","3","In containers each holding not over 4 liters","[""pf.liters""]","Free","","$1.68/pf. liter","",""
"2208.90.55.00","3","In containers each holding over 4 liters","[""pf.liters""]","Free","","$1.32/pf. liter","",""
"2208.90.71.00","2","Imitations of brandy and other spirituous beverages","[""pf.liters""]","Free","","$2.35/pf. liter","",""
"","2","Other:","","","","","",""
"","3","Spirits:","","","","","",""
"2208.90.72.00","4","Mezcal in containers each holding not over 4 liters","[""pf.liters""]","Free","","$1.78/pf. liter","",""
"2208.90.75.00","4","Other","[""pf.liters""]","Free","","$1.78/pf. liter","",""
"2208.90.80","3","Other","","21.1¢/pf.liter","Free (A,AU,BH,CL,CO,D,E,IL,KR,MA,OM,P,PA,PE,S,SG)9.3¢/pf.liter(JO)","$4.05/pf. liter","",""
"2208.90.80.10","4","Premixed cocktails or other mixed beverages, ready to consume as packaged, in containers each holding not over 4 liters","[""pf.liters""]","","","","",""
"2208.90.80.20","4","Other","[""pf.liters""]","","","","",""
"2209.00.00.00","0","Vinegar and substitutes for vinegar obtained from acetic acid","[""pf.liters"",""liters""]","0.5¢/pf.liter","Free (A,AU,BH,CL,CO,D,E,IL,JO,KR,MA,OM,P,PA,PE,S,SG)","2.1¢/pf.liter","",""
"2301","0","Flours, meals and pellets, of meat or meat offal, of fish or of crustaceans, molluscs or other aquatic invertebrates, unfit for human consumption; greaves (cracklings):","","","","","",""
"2301.10.00.00","1","Flours, meals and pellets, of meat or meat offal; greaves (cracklings)","[""t""]","Free","","Free","",""
"2301.20.00","1","Flours, meals and pellets, of fish or of crustaceans, molluscs or other aquatic invertebrates","","Free","","Free","",""
"2301.20.00.10","2","Herring meal; pilchard meal","[""t""]","","","","",""
"2301.20.00.90","2","Other","[""t""]","","","","",""
"2302","0","Bran, sharps (middlings) and other residues, whether or not in the form of pellets, derived from the sifting, milling or other working of cereals or of leguminous plants:","","","","","",""
"2302.10.00.00","1","Of corn (maize)","[""t""]","Free","","10%","",""
"2302.30.00","1","Of wheat","","Free","","10%","",""
"2302.30.00.10","2","Bran, shorts and middlings","[""t""]","","","","",""
"2302.30.00.90","2","Other","[""t""]","","","","",""
"2302.40.01","1","Of other cereals","","Free","","10%","",""
"2302.40.01.05","2","Of rice","[""t""]","","","","",""
"2302.40.01.10","2","Of other single cereal grains, chopped, crushed or ground","[""t""]","","","","",""
"","2","Other:","","","","","",""
"2302.40.01.20","3","Pelletized screenings (clearings)","[""t""]","","","","",""
"2302.40.01.90","3","Other","[""t""]","","","","",""
"2302.50.00.00","1","Of leguminous plants","[""t""]","1.4%","Free (A+,AU,BH,CL,CO,D,E, IL,JO,KR,MA,OM,P,PA,PE,S, SG)","20%","",""
"2303","0","Residues of starch manufacture and similar residues, beet-pulp, bagasse and other waste of sugar manufacture, brewing or distilling dregs and waste, whether or not in the form of pellets:","","","","","",""
"2303.10.00","1","Residues of starch manufacture and similar residues","","1.4%","Free (A+,AU,BH,CL,CO,D,E, IL,JO,KR,MA,OM,P,PA,PE,S, SG)","20%","",""
"2303.10.00.10","2","Corn gluten feed","[""t""]","","","","",""
"2303.10.00.20","2","Corn gluten meal","[""t""]","","","","",""
"2303.10.00.40","2","Other","[""t""]","","","","",""
"2303.20.00","1","Beet-pulp, bagasse and other waste of sugar manufacture","","Free","","$4.91/t","",""
"2303.20.00.20","2","Dried beet-pulp","[""t""]","","","","",""
"2303.20.00.40","2","Other","[""t""]","","","","",""
"2303.30.00.00","1","Brewing or distilling dregs and waste","[""t""]","Free","","$4.91/t","",""
"2304.00.00","0","Oilcake and other solid residues, whether or not ground or in the form of pellets, resulting from the extraction of soybean oil","","0.45¢/kg","Free (A+,AU,BH,CL,CO,D,E, IL,JO,KR,MA,OM,P,PA,PE,S, SG)","0.7¢/kg","",""
"2304.00.00.10","1","Certified organic","[""kg""]","","","","",""
"2304.00.00.90","1","Other","[""kg""]","","","","",""
"2305.00.00.00","0","Oilcake and other solid residues, whether or not ground or in the form of pellets, resulting from the extraction of peanut (ground-nut) oil","[""kg""]","0.32¢/kg","Free (A*,AU,BH,CL,CO,D,E,IL,JO,KR,MA,OM,P,PA,PE,S,SG)","0.7¢/kg","",""
"2306","0","Oilcake and other solid residues, whether or not ground or in the form of pellets, resulting from the extraction of vegetable or microbial fats or oils, other than those of heading 2304 or 2305:","","","","","",""
"2306.10.00.00","1","Of cotton seeds","[""kg""]","0.56¢/kg","Free (A+,AU,BH,CL,CO,D,E, IL,JO,KR,MA,OM,P,PA,PE,S, SG)","0.7¢/kg","",""
"2306.20.00.00","1","Of linseed","[""kg""]","0.12¢/kg","Free (A,AU,BH,CL,CO,D,E,IL,JO,KR,MA,OM,P,PA,PE,S,SG)","0.7¢/kg","",""
"2306.30.00.00","1","Of sunflower seeds","[""kg""]","0.45¢/kg","Free (A*,AU,BH,CL,CO,D,E,IL,JO,KR,MA,OM,P,PA,PE,S,SG)","0.7¢/kg","",""
"","1","Of rape or colza seeds:","","","","","",""
"2306.41.00.00","2","Of low euricic acid rape or colza seeds","[""kg""]","0.17¢/kg","Free (A,AU,BH,CL,CO,D,E,IL,JO,KR,MA,OM,P,PA,PE,S,SG)","0.7¢/kg","",""
"2306.49.00.00","2","Other","[""kg""]","0.17¢/kg","Free (A,AU,BH,CL,CO,D,E,IL,JO,KR,MA,OM,P,PA,PE,S,SG)","0.7¢/kg","",""
"2306.50.00.00","1","Of coconut or copra","[""kg""]","0.45¢/kg","Free (A,AU,BH,CL,CO,D,E,IL,JO,KR,MA,OM,P,PA,PE,S,SG)","0.7¢/kg","",""
"2306.60.00.00","1","Of palm nuts or kernels","[""kg""]","0.32¢/kg","Free (A,AU,BH,CL,CO,D,E,IL,JO,KR,MA,OM,P,PA,PE,S,SG)","0.7¢/kg","",""
"2306.90.01","1","Other","","0.32¢/kg","Free (A,AU,BH,CL,CO,D,E,IL,JO,KR,MA,OM,P,PA,PE,S,SG)","0.7¢/kg","",""
"2306.90.01.20","2","Of corn","[""kg""]","","","","",""
"2306.90.01.30","2","Of hemp seeds","[""kg""]","","","","",""
"2306.90.01.50","2","Other","[""kg""]","","","","",""
"2307.00.00.00","0","Wine lees; argol","[""kg""]","Free","","Free","",""
"2308.00","0","Vegetable materials and vegetable waste, vegetable residues and byproducts, whether or not in the form of pellets, of a kind used in animal feeding, not elsewhere specified or included:","","","","","",""
"2308.00.10.00","1","Acorns and horse-chestnuts","[""kg""]","1.4%","Free (A+,AU,BH,CL,CO,D,E, IL,JO,KR,MA,OM,P,PA,PE,S, SG)","20%","",""
"2308.00.93.00","1","Screenings, scalpings, chaff or scourings, ground, or not ground, of flaxseed (linseed)","[""kg""]","Free","","10%","",""
"2308.00.95.00","1","Dehydrated marigolds","[""kg""]","1.9%","Free (A,AU,BH,CL,CO,D,E,IL,JO,KR,MA,OM,P,PA,PE,S,SG)","20%","",""
"2308.00.98","1","Other","","1.4%","Free (A+,AU,BH,CL,CO,D,E,IL,JO,KR,MA, OM,P,PA,PE,S,SG)","20%","",""
"2308.00.98.20","2","Citrus pulp pellets","[""t""]","","","","",""
"2308.00.98.90","2","Other","[""kg""]","","","","",""
"2309","0","Preparations of a kind used in animal feeding:","","","","","",""
"2309.10.00","1","Dog or cat food, put up for retail sale","","Free","","10%","",""
"2309.10.00.10","2","In airtight containers","[""kg""]","","","","",""
"2309.10.00.90","2","Other","[""kg""]","","","","",""
"2309.90","1","Other:","","","","","",""
"2309.90.10","2","Mixed feeds or mixed feed ingredients","","Free","","10%","",""
"2309.90.10.05","3","Bird seed","[""kg""]","","","","",""
"2309.90.10.15","3","Other pet food, put up for retail sale","[""kg""]","","","","",""
"2309.90.10.20","3","Poultry feeds, prepared","[""t""]","","","","",""
"2309.90.10.30","3","Dairy cattle feed, prepared","[""t""]","","","","",""
"2309.90.10.32","3","Other cattle feed, prepared","[""t""]","","","","",""
"2309.90.10.35","3","Swine feed, prepared","[""t""]","","","","",""
"2309.90.10.45","3","Other livestock feed, prepared","[""t""]","","","","",""
"2309.90.10.50","3","Other","[""t""]","","","","",""
"","2","Other:","","","","","",""
"","3","Animal feeds containing milk or milk derivatives:","","","","","",""
"","4","Containing over 10 percent by weight of milk solids:","","","","","",""
"2309.90.22","5","Described in general note 15 of the tariff schedule and entered pursuant to its provisions","","7.5%","Free (A+,AU,BH,CL,CO,D,E,IL,JO,KR,MA,OM,P,PA,PE,S,SG)","20%","",""
"2309.90.22.10","6","Milk replacer","[""kg""]","","","","",""
"2309.90.22.90","6","Other","[""kg""]","","","","",""
"2309.90.24","5","Described in additional U.S. note 2 to this chapter and entered pursuant to its provisions","","7.5%","Free (A+,AU,BH,CL,CO,D,E,IL,JO,KR,MA,OM,P,PA,PE,S,SG)","20%","",""
"2309.90.24.10","6","Milk replacer","[""kg""]","","","","",""
"2309.90.24.90","6","Other","[""kg""]","","","","",""
"2309.90.28","5","Other","","80.4¢/kg + 6.4%","Free (BH,CL,JO,KR,MA,OM,P,PE,SG) 5.3¢/kg + 0.4% (CO,PA) See 9822.04.20 (AU) See 9823.05.01-9823.05.06 (S+)","94.6¢/kg + 7.5%","",""
"2309.90.28.10","6","Milk replacer","[""kg""]","","","","",""
"2309.90.28.90","6","Other","[""kg""]","","","","",""
"","4","Other:","","","","","",""
"2309.90.42","5","Described in general note 15 of the tariff schedule and entered pursuant to its provisions","","7.5%","Free (A+,AU,BH,CL,CO,D,E,IL,JO,KR,MA,OM,P,PA,PE,S,SG)","20%","",""
"2309.90.42.10","6","Milk replacer","[""kg""]","","","","",""
"2309.90.42.90","6","Other","[""kg""]","","","","",""
"2309.90.44","5","Described in additional U.S. note 2 to this chapter and entered pursuant to its provisions","","7.5%","Free (A+,AU,BH,CL,CO,D,E,IL,JO,KR,MA,OM,P,PA,PE,S,SG)","20%","",""
"2309.90.44.10","6","Milk replacer","[""kg""]","","","","",""
"2309.90.44.90","6","Other","[""kg""]","","","","",""
"2309.90.48","5","Other","","80.4¢/kg + 6.4%","Free (BH,CL,JO,KR,MA,OM,P,PA,PE,SG) 5.3¢/kg + 0.4% (CO) See 9822.04.20 (AU) See 9823.05.01-9823.05.06 (S+)","94.6¢/kg + 7.5%","",""
"2309.90.48.10","6","Milk replacer","[""kg""]","","","","",""
"2309.90.48.90","6","Other","[""kg""]","","","","",""
"","3","Other:","","","","","",""
"2309.90.60.00","4","Animal feeds containing egg","[""kg""]","1.9%","Free (A+,AU,BH,CL,CO,D,E, IL,JO,KR,MA,OM,P,PA,PE,S, SG)","20%","",""
"","4","Other:","","","","","",""
"2309.90.70.00","5","Preparations, with a basis of vitamin B<sub>12</sub>, for supplementing animal feed","[""kg""]","1.4%","Free (A,AU,BH,CL,CO,D,E,IL,JO,KR,MA,OM,P,PA,PE,S,SG)","20%","",""
"2309.90.95.00","5","Other","[""kg""]","1.4%","Free (A+,AU,BH,CL,CO,D,E, IL,JO,KR,MA,OM,P,PA,PE,S, SG)","20%","",""
"2401","0","Unmanufactured tobacco (whether or not threshed or similarly processed); tobacco refuse:","","","","","",""
"2401.10","1","Tobacco, not stemmed/stripped:","","","","","",""
"","2","Containing over 35 percent wrapper tobacco:","","","","","",""
"2401.10.21","3","Wrapper tobacco","","Free","","$5.02/kg","",""
"2401.10.21.20","4","Connecticut shade","[""kg""]","","","","",""
"2401.10.21.40","4","Other","[""kg""]","","","","",""
"2401.10.29","3","Other","","Free","","$5.02/kg","",""
"2401.10.29.20","4","Connecticut shade","[""kg""]","","","","",""
"2401.10.29.40","4","Other","[""kg""]","","","","",""
"","2","Not containing wrapper tobacco, or not containing over 35 percent wrapper tobacco:","","","","","",""
"","3","Oriental or Turkish type:","","","","","",""
"2401.10.44.00","4","Cigarette leaf","[""kg""]","Free","","77.2¢/kg","",""
"2401.10.48.00","4","Other","[""kg""]","Free","","85¢/kg","",""
"2401.10.53","3","Cigar binder and filler","","Free","","85¢/kg","",""
"2401.10.53.40","4","Binder","[""kg""]","","","","",""
"2401.10.53.50","4","Filler","[""kg""]","","","","",""
"","3","Other:","","","","","",""
"","4","Flue-cured, burley and other light air-cured leaf:","","","","","",""
"2401.10.61","5","To be used in products other than cigarettes","","23.9¢/kg","Free (A+,AU,BH,CL,CO,D,E,IL,KR,MA,OM,P,PA,PE,S,SG)","77.2¢/kg","",""
"2401.10.61.30","6","Flue-cured","[""kg""]","","","","",""
"2401.10.61.60","6","Burley","[""kg""]","","","","",""
"2401.10.61.80","6","Maryland","[""kg""]","","","","",""
"2401.10.61.90","6","Other","[""kg""]","","","","",""
"","5","Other:","","","","","",""
"2401.10.63","6","Described in additional U.S. note 5 to this chapter and entered pursuant to its provisions","","23.9¢/kg","Free (A+,BH,CL,CO,D,E,KR,MA,OM,P,PA,PE,S,SG)","77.2¢/kg","",""
"2401.10.63.30","7","Flue-cured","[""kg""]","","","","",""
"2401.10.63.60","7","Burley","[""kg""]","","","","",""
"2401.10.63.80","7","Maryland","[""kg""]","","","","",""
"2401.10.63.90","7","Other","[""kg""]","","","","",""
"2401.10.65","6","Other","","350%","Free (AU,BH,CL,IL,KR,MA,OM,P,PE,S,SG) 35% (PA) See 9918.24.10-9918.24.11 (CO)","350%","",""
"2401.10.65.30","7","Flue-cured","[""kg""]","","","","",""
"2401.10.65.60","7","Burley","[""kg""]","","","","",""
"2401.10.65.80","7","Maryland","[""kg""]","","","","",""
"2401.10.65.90","7","Other","[""kg""]","","","","",""
"2401.10.95","4","Other","","32.7¢/kg","Free (A,AU,BH,CL,CO,D,E,IL,KR,MA,OM,P,PA,PE,S,SG)","85¢/kg","",""
"2401.10.95.10","5","Fire-cured Kentucky and Tennessee","[""kg""]","","","","",""
"2401.10.95.15","5","Dark-air cured Kentucky and Tennessee","[""kg""]","","","","",""
"2401.10.95.20","5","Virginia fire-cured","[""kg""]","","","","",""
"2401.10.95.25","5","Virginia sun-cured","[""kg""]","","","","",""
"2401.10.95.30","5","Blackfat","[""kg""]","","","","",""
"2401.10.95.60","5","Other","[""kg""]","","","","",""
"2401.20","1","Tobacco, partly or wholly stemmed/stripped:","","","","","",""
"","2","Not threshed or similarly processed:","","","","","",""
"2401.20.05.00","3","Leaf tobacco, the product of two or more countries or dependencies, when mixed or packed together","[""kg""]","$5.48/kg","Free (A+,AU,BH,CL,CO,D,E,IL,KR,MA,OM,P,PA,PE,S,SG)","$6.45/kg","",""
"","3","Other:","","","","","",""
"","4","Containing over 35 percent wrapper tobacco:","","","","","",""
"2401.20.14","5","Wrapper tobacco","","Free","","$6.45/kg","",""
"2401.20.14.20","6","Connecticut shade","[""kg""]","","","","",""
"2401.20.14.40","6","Other","[""kg""]","","","","",""
"2401.20.18.00","5","Other","[""kg""]","Free","","$6.45/kg","",""
"","4","Not containing wrapper tobacco, or not containing over 35 percent wrapper tobacco:","","","","","",""
"","5","Oriental or Turkish type:","","","","","",""
"2401.20.23.00","6","Cigarette leaf","[""kg""]","Free","","$1.21/kg","",""
"2401.20.26.00","6","Other","[""kg""]","Free","","$1.15/kg","",""
"2401.20.29","5","Cigar binder and filler","","Free","","$1.15/kg","",""
"2401.20.29.70","6","Binder","[""kg""]","","","","",""
"2401.20.29.90","6","Filler","[""kg""]","","","","",""
"","5","Other:","","","","","",""
"","6","Flue-cured, burley and other light air-cured leaf:","","","","","",""
"2401.20.31","7","To be used in products other than cigarettes","","40.9¢/kg","Free (A+,AU,BH,CL,CO,D,E,IL,KR,MA,OM,P,PA,PE,S,SG)","$1.21/kg","",""
"2401.20.31.10","8","Flue-cured","[""kg""]","","","","",""
"2401.20.31.20","8","Burley","[""kg""]","","","","",""
"2401.20.31.30","8","Maryland","[""kg""]","","","","",""
"2401.20.31.40","8","Other","[""kg""]","","","","",""
"","7","Other:","","","","","",""
"2401.20.33","8","Described in additional U.S. note 5 to this chapter and entered pursuant to its provisions","","40.9¢/kg","Free (A+,BH,CL,CO,D,E,KR,MA,OM,P,PA,PE,S,SG)","$1.21/kg","",""
"2401.20.33.10","9","Flue-cured","[""kg""]","","","","",""
"2401.20.33.20","9","Burley","[""kg""]","","","","",""
"2401.20.33.30","9","Maryland","[""kg""]","","","","",""
"2401.20.33.40","9","Other","[""kg""]","","","","",""
"2401.20.35","8","Other","","350%","Free (AU,BH,CL,IL,KR,MA,OM,P,PE,S,SG) 35% (PA) See 9918.24.10-9918.24.11 (CO)","350%","",""
"2401.20.35.10","9","Flue-cured","[""kg""]","","","","",""
"2401.20.35.20","9","Burley","[""kg""]","","","","",""
"2401.20.35.30","9","Maryland","[""kg""]","","","","",""
"2401.20.35.40","9","Other","[""kg""]","","","","",""
"2401.20.57","6","Other","","39.7¢/kg","Free (A*,AU,BH,CL,CO,D,E,IL,KR,MA,OM,P,PA,PE,S,SG)","$1.15/kg","",""
"2401.20.57.10","7","Fire-cured Kentucky and Tennessee","[""kg""]","","","","",""
"2401.20.57.15","7","Dark-air cured Kentucky and Tennessee","[""kg""]","","","","",""
"2401.20.57.20","7","Virginia fire-cured","[""kg""]","","","","",""
"2401.20.57.25","7","Virginia sun-cured","[""kg""]","","","","",""
"2401.20.57.30","7","Blackfat","[""kg""]","","","","",""
"2401.20.57.40","7","Other","[""kg""]","","","","",""
"","2","Threshed or similarly processed:","","","","","",""
"2401.20.60","3","From cigar leaf","","Free","","77.2¢/kg","",""
"2401.20.60.20","4","Connecticut shade","[""kg""]","","","","",""
"2401.20.60.40","4","Other","[""kg""]","","","","",""
"","3","Other:","","","","","",""
"2401.20.75.00","4","Oriental or Turkish type","[""kg""]","Free","","$1.10/kg","",""
"","4","Other:","","","","","",""
"2401.20.83","5","To be used in products other than cigarettes","","37.5¢/kg","Free (A+,AU,BH,CL,CO,D,E,IL,KR,MA,OM,P,PA,PE,S,SG)","$1.10/kg","",""
"2401.20.83.10","6","Flue-cured","[""kg""]","","","","",""
"2401.20.83.20","6","Burley","[""kg""]","","","","",""
"2401.20.83.30","6","Maryland","[""kg""]","","","","",""
"2401.20.83.35","6","Fire-cured Kentucky and Tennessee","[""kg""]","","","","",""
"2401.20.83.40","6","Dark-air cured Kentucky and Tennessee","[""kg""]","","","","",""
"2401.20.83.50","6","Virginia fire-cured","[""kg""]","","","","",""
"2401.20.83.55","6","Virginia sun-cured","[""kg""]","","","","",""
"2401.20.83.60","6","Blackfat","[""kg""]","","","","",""
"2401.20.83.90","6","Other","[""kg""]","","","","",""
"","5","Other:","","","","","",""
"2401.20.85","6","Described in additional U.S. note 5 to this chapter and entered pursuant to its provisions","","37.5¢/kg","Free (A+,BH,CL,CO,D,E,KR,MA,OM,P,PA,PE,S,SG)","$1.10/kg","",""
"2401.20.85.10","7","Flue-cured","[""kg""]","","","","",""
"2401.20.85.20","7","Burley","[""kg""]","","","","",""
"2401.20.85.30","7","Maryland","[""kg""]","","","","",""
"2401.20.85.35","7","Fire-cured Kentucky and Tennessee","[""kg""]","","","","",""
"2401.20.85.40","7","Dark-air cured Kentucky and Tennessee","[""kg""]","","","","",""
"2401.20.85.50","7","Virginia fire-cured","[""kg""]","","","","",""
"2401.20.85.55","7","Virginia sun-cured","[""kg""]","","","","",""
"2401.20.85.60","7","Blackfat","[""kg""]","","","","",""
"2401.20.85.90","7","Other","[""kg""]","","","","",""
"2401.20.87","6","Other","","350%","Free (AU,BH,CL,IL,KR,MA,OM,P,PE,S,SG) 35% (PA) See 9918.24.10-9918.24.11 (CO)","350%","",""
"2401.20.87.10","7","Flue-cured","[""kg""]","","","","",""
"2401.20.87.20","7","Burley","[""kg""]","","","","",""
"2401.20.87.30","7","Maryland","[""kg""]","","","","",""
"2401.20.87.35","7","Fire-cured Kentucky and Tennessee","[""kg""]","","","","",""
"2401.20.87.40","7","Dark-air cured Kentucky and Tennessee","[""kg""]","","","","",""
"2401.20.87.50","7","Virginia fire-cured","[""kg""]","","","","",""
"2401.20.87.55","7","Virginia sun-cured","[""kg""]","","","","",""
"2401.20.87.60","7","Blackfat","[""kg""]","","","","",""
"2401.20.87.90","7","Other","[""kg""]","","","","",""
"2401.30","1","Tobacco refuse:","","","","","",""
"","2","From cigar leaf:","","","","","",""
"","3","Tobacco stems:","","","","","",""
"2401.30.03.00","4","Not cut, not ground and not pulverized","[""kg""]","Free","","Free","",""
"2401.30.06.00","4","Cut, ground or pulverized","[""kg""]","Free","","$1.21/kg","",""
"2401.30.09.00","3","Other","[""kg""]","Free","","77.2¢/kg","",""
"","2","From Oriental or Turkish type tobacco:","","","","","",""
"","3","Tobacco stems","","","","","",""
"2401.30.13.00","4","Not cut, not ground and not pulverized","[""kg""]","Free","","Free","",""
"2401.30.16.00","4","Cut, ground or pulverized","[""kg""]","Free","","$1.21/kg","",""
"2401.30.19.00","3","Other","[""kg""]","Free","","77.2¢/kg","",""
"","2","Other:","","","","","",""
"","3","To be used in products other than cigarettes:","","","","","",""
"","4","Tobacco stems:","","","","","",""
"2401.30.23","5","Not cut, not ground and not pulverized","","Free","","Free","",""
"2401.30.23.10","6","Flue-cured","[""kg""]","","","","",""
"2401.30.23.20","6","Burley","[""kg""]","","","","",""
"2401.30.23.35","6","Fire-cured Kentucky and Tennessee","[""kg""]","","","","",""
"2401.30.23.40","6","Dark air-cured Kentucky and Tennessee","[""kg""]","","","","",""
"2401.30.23.50","6","Virginia fire-cured","[""kg""]","","","","",""
"2401.30.23.60","6","Virginia sun-cured","[""kg""]","","","","",""
"2401.30.23.90","6","Other","[""kg""]","","","","",""
"2401.30.25","5","Cut, ground or pulverized","","97¢/kg","Free (A+,AU,BH,CL,CO,D,E,IL,KR,MA,OM,P,PA,PE,S,SG)","$1.21/kg","",""
"2401.30.25.10","6","Flue-cured","[""kg""]","","","","",""
"2401.30.25.20","6","Burley","[""kg""]","","","","",""
"2401.30.25.35","6","Fire-cured Kentucky and Tennessee","[""kg""]","","","","",""
"2401.30.25.40","6","Dark air-cured Kentucky and Tennessee","[""kg""]","","","","",""
"2401.30.25.50","6","Virginia fire-cured","[""kg""]","","","","",""
"2401.30.25.60","6","Virginia sun-cured","[""kg""]","","","","",""
"2401.30.25.90","6","Other","[""kg""]","","","","",""
"2401.30.27","4","Other","","28.4¢/kg","Free (A+,AU,BH,CL,CO,D,E,IL,KR,MA,OM,P,PA,PE,S,SG)","77.2¢/kg","",""
"2401.30.27.10","5","Flue-cured","[""kg""]","","","","",""
"2401.30.27.20","5","Burley","[""kg""]","","","","",""
"2401.30.27.35","5","Fire-cured Kentucky and Tennessee","[""kg""]","","","","",""
"2401.30.27.40","5","Dark air-cured Kentucky and Tennessee","[""kg""]","","","","",""
"2401.30.27.50","5","Virginia fire-cured","[""kg""]","","","","",""
"2401.30.27.60","5","Virginia sun-cured","[""kg""]","","","","",""
"2401.30.27.90","5","Other","[""kg""]","","","","",""
"","3","Other:","","","","","",""
"","4","Described in additional U.S. note 5 to this chapter and entered pursuant to its provisions:","","","","","",""
"","5","Tobacco stems:","","","","","",""
"2401.30.33","6","Not cut, not ground and not pulverized","","Free","","Free","",""
"2401.30.33.10","7","Flue-cured","[""kg""]","","","","",""
"2401.30.33.20","7","Burley","[""kg""]","","","","",""
"2401.30.33.35","7","Fire-cured Kentucky and Tennessee","[""kg""]","","","","",""
"2401.30.33.40","7","Dark air-cured Kentucky and Tennessee","[""kg""]","","","","",""
"2401.30.33.50","7","Virginia fire-cured","[""kg""]","","","","",""
"2401.30.33.60","7","Virginia sun-cured","[""kg""]","","","","",""
"2401.30.33.90","7","Other","[""kg""]","","","","",""
"2401.30.35","6","Cut, ground or pulverized","","97¢/kg","Free (A+,BH,CL,CO,D,E,KR,MA,OM,P,PA,PE,S,SG)","$1.21/kg","",""
"2401.30.35.10","7","Flue-cured","[""kg""]","","","","",""
"2401.30.35.20","7","Burley","[""kg""]","","","","",""
"2401.30.35.35","7","Fire-cured Kentucky and Tennessee","[""kg""]","","","","",""
"2401.30.35.40","7","Dark air-cured Kentucky and Tennessee","[""kg""]","","","","",""
"2401.30.35.50","7","Virginia fire-cured","[""kg""]","","","","",""
"2401.30.35.60","7","Virginia sun-cured","[""kg""]","","","","",""
"2401.30.35.90","7","Other","[""kg""]","","","","",""
"2401.30.37","5","Other","","28.4¢/kg","Free (A+,BH,CL,CO,D,E,KR,MA,OM,P,PA,PE,S,SG)","77.2¢/kg","",""
"2401.30.37.10","6","Flue-cured","[""kg""]","","","","",""
"2401.30.37.20","6","Burley","[""kg""]","","","","",""
"2401.30.37.35","6","Fire-cured Kentucky and Tennessee","[""kg""]","","","","",""
"2401.30.37.40","6","Dark air-cured Kentucky and Tennessee","[""kg""]","","","","",""
"2401.30.37.50","6","Virginia fire-cured","[""kg""]","","","","",""
"2401.30.37.60","6","Virginia sun-cured","[""kg""]","","","","",""
"2401.30.37.90","6","Other","[""kg""]","","","","",""
"2401.30.70","4","Other","","350%","Free (AU,BH,CL,IL,KR,MA,OM,P,PE,S,SG) 35% (PA) See 9918.24.10-9918.24.11 (CO)","350%","",""
"2401.30.70.10","5","Flue-cured","[""kg""]","","","","",""
"2401.30.70.20","5","Burley","[""kg""]","","","","",""
"2401.30.70.35","5","Fire-cured Kentucky and Tennessee","[""kg""]","","","","",""
"2401.30.70.40","5","Dark air-cured Kentucky and Tennessee","[""kg""]","","","","",""
"2401.30.70.50","5","Virginia fire-cured","[""kg""]","","","","",""
"2401.30.70.60","5","Virginia sun-cured","[""kg""]","","","","",""
"2401.30.70.90","5","Other","[""kg""]","","","","",""
"2402","0","Cigars, cheroots, cigarillos and cigarettes, of tobacco or of tobacco substitutes:","","","","","",""
"2402.10","1","Cigars, cheroots and cigarillos, containing tobacco:","","","","","",""
"2402.10.30","2","Each valued less than 15¢","","$1.89/kg + 4.7%","Free (A+,AU,BH,CL,CO,D,E,IL,KR,MA,OM,P,PA,PE,S,SG)","$9.92/kg + 25%","",""
"2402.10.30.30","3","Small cigars, cheroots and cigarillos (weighing not more than 1.36 kg/1000)","[""thousands"",""kg""]","","","","",""
"2402.10.30.70","3","Other","[""thousands"",""kg""]","","","","",""
"2402.10.60.00","2","Each valued 15¢ or over but less than 23¢","[""thousands"",""kg""]","57¢/kg + 1.4%","Free (A+,AU,BH,CL,CO,D,E, IL,KR,MA, OM,P,PA,PE,S, SG)","$9.92/kg + 25%","",""
"2402.10.80","2","Each valued 23¢ or over","","57¢/kg + 1.4%","Free (A,AU,BH,CL,CO,D,E,IL,KR,MA,OM,P,PA,PE,S,SG)","$9.92/kg + 25%","",""
"2402.10.80.30","3","Small cigars, cheroots and cigarillos (weighing not more than 1.36 kg/1000)","[""thousands"",""kg""]","","","","",""
"2402.10.80.50","3","Other, each valued 23¢ or more but not more than 76¢","[""thousands"",""kg""]","","","","",""
"2402.10.80.80","3","Other","[""thousands"",""kg""]","","","","",""
"2402.20","1","Cigarettes containing tobacco:","","","","","",""
"2402.20.10.00","2","Containing clove","[""thousands"",""kg""]","41.7¢/kg + 0.9%","Free (A,AU,BH,CL,CO,D,E,IL,KR,MA,OM,P,PA,PE,S,SG)","$9.92/kg + 25%","",""
"","2","Other:","","","","","",""
"2402.20.80.00","3","Paper-wrapped","[""thousands"",""kg""]","$1.05/kg + 2.3%","Free (A+,AU,BH,CL,CO,D,E,IL,KR,MA,OM,P,PA,PE,S,SG)","$9.92/kg + 25%","",""
"2402.20.90.00","3","Other","[""thousands"",""kg""]","$1.50/kg + 3.2%","Free (A,AU,BH,CL,CO,D,E,IL,KR,MA,OM,P,PA,PE,S,SG)","$9.92/kg+ 25%","",""
"2402.90.00.00","1","Other","[""thousands"",""kg""]","$1.05/kg + 2.3%","Free (A+,AU,BH,CL,CO,D,E, IL,KR,MA, OM,P,PA,PE,S,SG)","$9.92/kg + 25%","",""
"2403","0","Other manufactured tobacco and manufactured tobacco substitutes; ""homogenized"" or ""reconstituted"" tobacco; tobacco extracts and essences:","","","","","",""
"","1","Smoking tobacco, whether or not containing tobacco substitutes in any proportion:","","","","","",""
"2403.11.00.00","2","Water pipe tobacco, specified in subheading note 1 to this chapter","[""kg""]","32.8¢/kg","Free (A+,AU,BH,CL,CO,D,E,IL,KR,MA, OM,P,PA,PE,S,SG)","$1.21/kg","",""
"2403.19","2","Other:","","","","","",""
"2403.19.20","3","Prepared for marketing to the ultimate consumer in the identical form and package in which imported","","32.8¢/kg","Free (A+,AU,BH,CL,CO,D,E,IL,KR,MA, OM,P,PA,PE,S,SG)","$1.21/kg","",""
"2403.19.20.20","4","Pipe tobacco","[""kg""]","","","","",""
"2403.19.20.50","4","Roll-your-own tobacco for making cigarettes","[""kg""]","","","","",""
"2403.19.20.80","4","Other","[""kg""]","","","","",""
"","3","Other:","","","","","",""
"2403.19.30","4","To be used in products other than cigarettes","","32.8¢/kg","Free (A+,AU,BH,CL,CO,D,E,IL,KR,MA,OM,P,PA,PE,S,SG)","$1.21/kg","",""
"2403.19.30.50","5","Flue-cured","[""kg""]","","","","",""
"2403.19.30.60","5","Burley","[""kg""]","","","","",""
"2403.19.30.80","5","Maryland","[""kg""]","","","","",""
"2403.19.30.90","5","Other","[""kg""]","","","","",""
"","4","Other:","","","","","",""
"2403.19.60","5","Described in additional U.S. note 5 to this chapter and entered pursuant to its provisions","","32.8¢/kg","Free (A+,BH,CL,CO,D,E,KR,MA,OM,P,PA,PE,S,SG)","$1.21/kg","",""
"2403.19.60.50","6","Flue-cured","[""kg""]","","","","",""
"2403.19.60.60","6","Burley","[""kg""]","","","","",""
"2403.19.60.80","6","Maryland","[""kg""]","","","","",""
"2403.19.60.90","6","Other","[""kg""]","","","","",""
"2403.19.90","5","Other","","350%","Free (AU,BH,CL,IL,KR,MA,OM,P,PE,S,SG) 35% (PA) See 9918.24.10-9918.24.11 (CO)","350%","",""
"2403.19.90.50","6","Flue-cured","[""kg""]","","","","",""
"2403.19.90.60","6","Burley","[""kg""]","","","","",""
"2403.19.90.80","6","Maryland","[""kg""]","","","","",""
"2403.19.90.90","6","Other","[""kg""]","","","","",""
"","1","Other:","","","","","",""
"2403.91","2","""Homogenized"" or ""reconstituted"" tobacco:","","","","","",""
"2403.91.20.00","3","Suitable for use as wrapper tobacco","[""kg""]","62¢/kg","Free (A,AU,BH,CL,CO,D,E,IL,KR,MA,OM,P,PA,PE,S,SG)","$6.45/kg","",""
"","3","Other:","","","","","",""
"2403.91.43","4","To be used in products other than cigarettes","","19.9¢/kg","Free (A+,AU,BH,CL,CO,D,E,IL,KR,MA,OM,P,PA,PE,S,SG)","$1.10/kg","",""
"2403.91.43.50","5","Flue-cured","[""kg""]","","","","",""
"2403.91.43.60","5","Burley","[""kg""]","","","","",""
"2403.91.43.80","5","Maryland","[""kg""]","","","","",""
"2403.91.43.90","5","Other","[""kg""]","","","","",""
"","4","Other:","","","","","",""
"2403.91.45","5","Described in additional U.S. note 5 to this chapter and entered pursuant to its provisions","","19.9¢/kg","Free (A+,BH,CL,CO,D,E,KR,MA,OM,P,PA,PE,S,SG)","$1.10/kg","",""
"2403.91.45.50","6","Flue-cured","[""kg""]","","","","",""
"2403.91.45.60","6","Burley","[""kg""]","","","","",""
"2403.91.45.80","6","Maryland","[""kg""]","","","","",""
"2403.91.45.90","6","Other","[""kg""]","","","","",""
"2403.91.47","5","Other","","350%","Free (AU,BH,CL,IL,KR,MA,OM,P,PE,S,SG) 35% (PA) See 9918.24.10-9918.24.11 (CO)","350%","",""
"2403.91.47.50","6","Flue-cured","[""kg""]","","","","",""
"2403.91.47.60","6","Burley","[""kg""]","","","","",""
"2403.91.47.80","6","Maryland","[""kg""]","","","","",""
"2403.91.47.90","6","Other","[""kg""]","","","","",""
"2403.99","2","Other:","","","","","",""
"2403.99.21","3","Prepared for marketing to the ultimate consumer in the identical form and package in which imported","","24.7¢/kg","Free (A+,AU,BH,CL,CO,D,E, IL,KR,MA, OM,P,PA,PE,S,SG)","$1.21/kg","",""
"2403.99.21.30","4","Chewing tobacco","[""kg""]","","","","",""
"2403.99.21.40","4","Snuff and snuff flours of a kind described in statistical note 1 to this chapter","[""kg""]","","","","",""
"2403.99.21.90","4","Other","[""kg""]","","","","",""
"","3","Other:","","","","","",""
"2403.99.31","4","To be used in products other than cigarettes","","24.7¢/kg","Free (A+,AU,BH,CL,CO,D,E,IL,KR,MA, OM,P,PA,PE,S,SG)","$1.21/kg","",""
"2403.99.31.50","5","Flue-cured","[""kg""]","","","","",""
"2403.99.31.60","5","Burley","[""kg""]","","","","",""
"","5","Other:","","","","","",""
"2403.99.31.65","6","Partially manufactured, blended or mixed tobacco","[""kg""]","","","","",""
"2403.99.31.70","6","Other","[""kg""]","","","","",""
"","4","Other:","","","","","",""
"2403.99.60","5","Described in additional U.S. note 5 to this chapter and entered pursuant to its provisions","","24.7¢/kg","Free (A+,BH,CL,CO,D,E,KR,MA,OM,P,PA,PE,S,SG)","$1.21/kg","",""
"2403.99.60.50","6","Flue-cured","[""kg""]","","","","",""
"2403.99.60.60","6","Burley","[""kg""]","","","","",""
"","6","Other:","","","","","",""
"2403.99.60.65","7","Partially manufactured, blended or mixed tobacco","[""kg""]","","","","",""
"2403.99.60.70","7","Other","[""kg""]","","","","",""
"2403.99.90","5","Other","","350%","Free (AU,BH,CL,IL,KR,MA,OM,P,PE,S,SG) 35% (PA) See 9918.24.10-9918.24.11 (CO)","350%","",""
"2403.99.90.50","6","Flue-cured","[""kg""]","","","","",""
"2403.99.90.60","6","Burley","[""kg""]","","","","",""
"","6","Other:","","","","","",""
"2403.99.90.65","7","Partially manufactured, blended or mixed tobacco","[""kg""]","","","","",""
"2403.99.90.70","7","Other","[""kg""]","","","","",""
"2404","0","Products containing tobacco, reconstituted tobacco, nicotine, or tobacco or nicotine substitutes, intended for inhalation without combustion; other nicotine containing products intended for the intake of nicotine into the human body:","","","","","",""
"","1","Products intended for inhalation without combustion:","","","","","",""
"2404.11.00.00","2","Containing tobacco or reconstituted tobacco","[""kg""]","24.7¢/kg","Free (A+,AU,BH,CL,CO,D,E, IL,KR,MA, OM,P,PA,PE,S,SG)","$1.21/kg","",""
"2404.12","2","Other, containing nicotine:","","","","","",""
"","3","Mixtures for personal electric or electronic vaporizing devices:","","","","","",""
"2404.12.05.00","4","Mixtures containing 5 percent or more by weight of one or more aromatic or modified aromatic substances","[""kg""]","6.5%","Free (A,AU,BH,CL,CO,D,E, IL,JO,KR,MA, OM,P,PA,PE,S,SG)","3.7¢/kg + 60%","",""
"2404.12.10.00","4","Other","[""kg""]","5%","Free (A+,AU,BH,CL,CO,D,E, IL,JO,KR,MA, OM,P,PA,PE,S,SG)","25%","",""
"2404.12.90.00","3","Other","[""kg""]","6.5%","Free (A,AU,BH,CL,CO,D,E, IL,JO,KR,MA, OM,P,PA,PE,S,SG)","3.7¢/kg + 60%","",""
"2404.19","2","Other:","","","","","",""
"","3","Mixtures for personal electric or electronic vaporizing devices:","","","","","",""
"2404.19.05.00","4","Mixtures containing 5 percent or more by weight of one or more aromatic or modified aromatic substances","[""kg""]","6.5%","Free (A,AU,BH,CL,CO,D,E, IL,JO,KR,MA, OM,P,PA,PE,S,SG)","3.7¢/kg + 60%","",""
"2404.19.10.00","4","Other","[""kg""]","5%","Free (A+,AU,BH,CL,CO,D,E, IL,JO,KR,MA, OM,P,PA,PE,S,SG)","25%","",""
"2404.19.90.00","3","Other","[""kg""]","24.7¢/kg","Free (A+,AU,BH,CL,CO,D,E, IL,KR,MA, OM,P,PA,PE,S,SG)","$1.21/kg","",""
"","1","Other:","","","","","",""
"2404.91.00.00","2","For oral application","[""kg""]","6.4%","Free (A,AU,BH,CL,CO,D,E, IL,JO,KR,MA, OM,P,PA,PE,S,SG)","20%","",""
"2404.92.00.00","2","For transdermal application","[""kg""]","5%","Free (A+,AU,BH,CL,CO,D,E, IL,JO,KR,MA, OM,P,PA,PE,S,SG)","25%","",""
"2404.99.00.00","2","Other","[""kg""]","5%","Free (A+,AU,BH,CL,CO,D,E, IL,JO,KR,MA, OM,P,PA,PE,S,SG)","25%","",""
"2501.00.00.00","0","Salt (including table salt and denatured salt) and pure sodium chloride, whether or not in aqueous solution or containing added anti-caking or free-flowing agents; sea water","[""t""]","Free","","26%","",""
"2502.00.00.00","0","Unroasted iron pyrites","[""t""]","Free","","Free","",""
"2503.00.00","0","Sulfur of all kinds, other than sublimed sulfur, precipitated sulfur and colloidal sulfur","","Free","","Free","",""
"2503.00.00.10","1","Crude or unrefined sulfur","[""t""]","","","","",""
"2503.00.00.90","1","Other","[""t""]","","","","",""
"2504","0","Natural graphite:","","","","","",""
"2504.10","1","In powder or in flakes:","","","","","",""
"2504.10.10.00","2","Crystalline flake (not including flake dust)","[""kg""]","Free","","3.6¢/kg","",""
"2504.10.50.00","2","Other","[""kg""]","Free","","10%","",""
"2504.90.00.00","1","Other","[""kg""]","Free","","10%","",""
"2505","0","Natural sands of all kinds, whether or not colored, other than metalbearing sands of chapter 26:","","","","","",""
"2505.10","1","Silica sands and quartz sands:","","","","","",""
"2505.10.10.00","2","Sand containing by weight 95 percent or more of silica and not more than 0.6 percent of oxide of iron","[""t""]","Free","","$1.97/t","",""
"2505.10.50.00","2","Other","[""t""]","Free","","Free","",""
"2505.90.00.00","1","Other","[""t""]","Free","","Free","",""
"2506","0","Quartz (other than natural sands); quartzite, whether or not roughly trimmed or merely cut, by sawing or otherwise, into blocks or slabs of a rectangular (including square) shape:","","","","","",""
"2506.10.00","1","Quartz","","Free","","Free","",""
"2506.10.00.10","2","Sands (other than natural) containing by weight 95 percent or more of silica and not more than 0.6 percent of oxide of iron","[""t""]","","","","",""
"2506.10.00.50","2","Other","[""t""]","","","","",""
"2506.20.00","1","Quartzite","","Free","","Free","",""
"2506.20.00.10","2","Crude or roughly trimmed","[""t""]","","","","",""
"2506.20.00.80","2","Other","[""t""]","","","","",""
"2507.00.00.00","0","Kaolin and other kaolinic clays, whether or not calcined","[""t""]","Free","","$2.46/t","",""
"2508","0","Other clays (not including expanded clays of heading 6806), andalusite, kyanite and sillimanite, whether or not calcined; mullite; chamotte or dinas earths:","","","","","",""
"2508.10.00.00","1","Bentonite","[""t""]","Free","","$3.20/t","",""
"2508.30.00.00","1","Fire-clay","[""t""]","Free","","$1.97/t","",""
"2508.40.01","1","Other clays","","Free","","$1.97/t","",""
"2508.40.01.10","2","Common blue clay and other ball clays","[""t""]","","","","",""
"2508.40.01.20","2","Decolorizing earths and fuller's earth","[""t""]","","","","",""
"2508.40.01.50","2","Other","[""t""]","","","","",""
"2508.50.00.00","1","Andalusite, kyanite and sillimanite","[""t""]","Free","","Free","",""
"2508.60.00.00","1","Mullite","[""t""]","Free","","30%","",""
"2508.70.00.00","1","Chamotte or dinas earth","[""t""]","Free","","Free","",""
"2509.00","0","Chalk:","","","","","",""
"2509.00.10.00","1","Crude","[""t""]","Free","","Free","",""
"2509.00.20.00","1","Other","[""t""]","Free","","13%","",""
"2510","0","Natural calcium phosphates, natural aluminum calcium phosphates and phosphatic chalk:","","","","","",""
"2510.10.00.00","1","Unground","[""t""]","Free","","Free","",""
"2510.20.00.00","1","Ground","[""t""]","Free","","Free","",""
"2511","0","Natural barium sulfate (barytes); natural barium carbonate (witherite), whether or not calcined, other than barium oxide of heading 2816:","","","","","",""
"2511.10","1","Natural barium sulfate (barytes):","","","","","",""
"2511.10.10.00","2","Ground","[""t""]","Free","","$7.38/t","",""
"2511.10.50.00","2","Other","[""t""]","$1.25/t","Free (A,AU,BH,CL,CO,D,E,IL,JO,KR,MA,OM,P,PA,PE,S,SG)","$3.94/t","",""
"2511.20.00.00","1","Natural barium carbonate (witherite)","[""kg""]","Free","","30%","",""
"2512.00.00.00","0","Siliceous fossil meals (for example, kieselguhr, tripolite and diatomite) and similar siliceous earths, whether or not calcined, of an apparent specific gravity of 1 or less","[""t""]","Free","","Free","",""
"2513","0","Pumice; emery; natural corundum, natural garnet and other natural abrasives, whether or not heat-treated:","","","","","",""
"2513.10.00","1","Pumice stone","","Free","","Free","",""
"2513.10.00.10","2","Crude or in irregular pieces, including crushed pumice","[""kg""]","","","","",""
"2513.10.00.80","2","Other","[""kg""]","","","","",""
"2513.20","1","Emery, natural corundum, natural garnet and other natural abrasives:","","","","","",""
"2513.20.10.00","2","Crude or in irregular pieces","[""kg""]","Free","","Free","",""
"2513.20.90.00","2","Other","[""kg""]","Free","","2.2¢/kg","",""
"2514.00.00.00","0","Slate, whether or not roughly trimmed or merely cut, by sawing or otherwise, into blocks or slabs of a rectangular (including square) shape","[""t""]","Free","","25%","",""
"2515","0","Marble, travertine and other calcareous monumental or building stone of an apparent specific gravity of 2.5 or more, and alabaster, whether or not roughly trimmed or merely cut, by sawing or otherwise, into blocks or slabs of a rectangular (including square) shape:","","","","","",""
"","1","Marble and travertine:","","","","","",""
"2515.11.00.00","2","Crude or roughly trimmed","[""m<sup>3<\/sup>"",""t""]","Free","","$22.95/m<sup>3</sup>","",""
"2515.12","2","Merely cut, by sawing or otherwise, into blocks or slabs of a rectangular (including square) shape:","","","","","",""
"2515.12.10.00","3","Marble","[""t""]","Free","","13%","",""
"2515.12.20.00","3","Travertine","[""t""]","3%","Free (A,AU,BH,CL,CO,D,E,IL,JO,KR,MA,OM,P,PA,PE,S,SG)","50%","",""
"2515.20.00.00","1","Other calcareous monumental or building stone; alabaster","[""t""]","3%","Free (A,AU,BH,CL,CO,D,E,IL,JO,KR,MA,OM,P,PA,PE,S,SG)","50%","",""
"2516","0","Granite, porphyry, basalt, sandstone and other monumental or building stone, whether or not roughly trimmed or merely cut, by sawing or otherwise, into blocks or slabs of a rectangular (including square) shape:","","","","","",""
"","1","Granite:","","","","","",""
"2516.11.00.00","2","Crude or roughly trimmed","[""m<sup>3<\/sup>"",""t""]","Free","","$8.83/m<sup>3</sup>","",""
"2516.12.00","2","Merely cut, by sawing or otherwise, into blocks or slabs of a rectangular (including square) shape","","2.8%","Free (A,AU,BH,CL,CO,D,E,IL,JO,KR,MA,OM,P,PA,PE,S,SG)","60%","",""
"2516.12.00.30","3","Having a thickness of 7.5 cm or more","[""t""]","","","","",""
"2516.12.00.60","3","Other","[""t""]","","","","",""
"2516.20","1","Sandstone:","","","","","",""
"2516.20.10.00","2","Crude or roughly trimmed","[""m<sup>3<\/sup>"",""t""]","Free","","$5.30/m<sup>3</sup>","",""
"2516.20.20.00","2","Merely cut, by sawing or otherwise, into blocks or slabs of a rectangular (including square) shape","[""t""]","3%","Free (A,AU,BH,CL,CO,D,E,IL,JO,KR,MA,OM,P,PA,PE,S,SG)","50%","",""
"2516.90.00","1","Other monumental or building stone","","3%","Free (A,AU,BH,CL,CO,D,E,IL,JO,KR,MA,OM,P,PA,PE,S,SG)","50%","",""
"2516.90.00.30","2","Having a thickness of 7.5 cm or more","[""t""]","","","","",""
"2516.90.00.60","2","Other","[""t""]","","","","",""
"2517","0","Pebbles, gravel, broken or crushed stone, of a kind commonly used for concrete aggregates, for road metalling, or for railway or other ballast; shingle and flint, whether or not heat-treated; macadam of slag, dross or similar industrial waste, whether or not incorporating the materials cited in the first part of the heading; tarred macadam; granules, chippings and powder, of stones of heading 2515 or 2516, whether or not heat-treated:","","","","","",""
"2517.10.00","1","Pebbles, gravel, broken or crushed stone, of a kind commonly used for concrete aggregates, for road metalling, or for railway or other ballast, shingle and flint, whether or not heat-treated","","Free","","30%","",""
"2517.10.00.15","2","Pebbles and gravel","[""t""]","","","","",""
"2517.10.00.20","2","Limestone, except pebbles and gravel","[""t""]","","","","",""
"2517.10.00.55","2","Other","[""t""]","","","","",""
"2517.20.00.00","1","Macadam of slag, dross or similar industrial waste, whether or not incorporating the materials cited in subheading 2517.10","[""t""]","Free","","30%","",""
"2517.30.00.00","1","Tarred macadam","[""t""]","Free","","30%","",""
"","1","Granules, chippings and powder, of stones of heading 2515 or 2516, whether or not heat-treated:","","","","","",""
"2517.41.00.00","2","Of marble","[""t""]","Free","","30%","",""
"2517.49.00.00","2","Other","[""t""]","Free","","$1.10/t","",""
"2518","0","Dolomite, whether or not calcined or sintered, including dolomite roughly trimmed or merely cut, by sawing or otherwise, into blocks or slabs of a rectangular (including square) shape:","","","","","",""
"2518.10.00.00","1","Dolomite, not calcined or sintered","[""t""]","Free","","Free","",""
"2518.20.00.00","1","Calcined or sintered dolomite","[""t""]","3%","Free (A,AU,BH,CL,CO,D,E,IL,JO,KR,MA,OM,P,PA,PE,S,SG)","30%","",""
"2519","0","Natural magnesium carbonate (magnesite); fused magnesia; dead-burned (sintered) magnesia, whether or not containing small quantities of other oxides added before sintering; other magnesium oxide, whether or not pure:","","","","","",""
"2519.10.00.00","1","Natural magnesium carbonate (magnesite)","[""t""]","Free","","$10.33/t","",""
"2519.90","1","Other:","","","","","",""
"2519.90.10.00","2","Fused magnesia and dead-burned (sintered) magnesia","[""kg""]","Free","","1.7¢/kg","",""
"2519.90.20.00","2","Caustic calcined magnesite","[""t""]","Free","","$20.70/t","",""
"2519.90.50.00","2","Other","[""kg""]","Free","","15.4¢/kg","",""
"2520","0","Gypsum; anhydrite; plasters (consisting of calcined gypsum or calcium sulfate) whether or not colored, with or without small quantities of accelerators or retarders:","","","","","",""
"2520.10.00.00","1","Gypsum; anhydrite","[""t""]","Free","","Free","",""
"2520.20.00.00","1","Plasters","[""t""]","Free","","$1.38/t","",""
"2521.00.00.00","0","Limestone flux; limestone and other calcareous stone, of a kind used for the manufacture of lime or cement","[""t""]","Free","","Free","",""
"2522","0","Quicklime, slaked lime and hydraulic lime, other than calcium oxide and hydroxide of heading 2825:","","","","","",""
"2522.10.00.00","1","Quicklime","[""kg""]","Free","","0.2¢/kg, including weight of container","",""
"2522.20.00.00","1","Slaked lime","[""kg""]","Free","","0.3¢/kg, including weight of container","",""
"2522.30.00.00","1","Hydraulic lime","[""kg""]","Free","","0.2¢/kg, including weight of container","",""
"2523","0","Portland cement, aluminous cement, slag cement, supersulfate cement and similar hydraulic cements, whether or not colored or in the form of clinkers:","","","","","",""
"2523.10.00.00","1","Cement clinkers","[""t""]","Free","","$1.32/t, including weight of container","",""
"","1","Portland cement:","","","","","",""
"2523.21.00.00","2","White cement, whether or not artificially colored","[""t""]","Free","","$1.76/t, including weight of container","",""
"2523.29.00.00","2","Other","[""t""]","Free","","$1.32/t, including weight of container","",""
"2523.30.00.00","1","Aluminous cement","[""t""]","Free","","$1.32/t, including weight of container","",""
"2523.90.00.00","1","Other hydraulic cements","[""t""]","Free","","$1.32/t, including weight of container","",""
"2524","0","Asbestos:","","","","","",""
"2524.10.00.00","1","Crocidolite (Blue)","[""t""]","Free","","Free","",""
"2524.90.00","1","Other","","Free","","Free","",""
"2524.90.00.10","2","Amosite","[""t""]","","","","",""
"","2","Chrysotile:","","","","","",""
"2524.90.00.30","3","Crudes","[""t""]","","","","",""
"2524.90.00.40","3","Milled fibers, group 3 grades (spinning fibers or equivalent)","[""t""]","","","","",""
"2524.90.00.45","3","Milled fibers, group 4 and 5 grades","[""t""]","","","","",""
"2524.90.00.55","3","Other","[""t""]","","","","",""
"2524.90.00.60","2","Other","[""t""]","","","","",""
"2525","0","Mica, including splittings; mica waste:","","","","","",""
"2525.10.00","1","Crude mica and mica rifted into sheets or splittings","","Free","","Free","",""
"2525.10.00.10","2","Split block mica","[""kg""]","","","","",""
"2525.10.00.20","2","Mica splittings","[""kg""]","","","","",""
"2525.10.00.50","2","Other","[""kg""]","","","","",""
"2525.20.00.00","1","Mica powder","[""kg""]","Free","","20%","",""
"2525.30.00.00","1","Mica waste","[""kg""]","Free","","8.8¢/kg","",""
"2526","0","Natural steatite, whether or not roughly trimmed or merely cut, by sawing or otherwise, into blocks or slabs of a rectangular (including square) shape; talc:","","","","","",""
"2526.10.00.00","1","Not crushed, not powdered","[""kg""]","Free","","0.6¢/kg","",""
"2526.20.00.00","1","Crushed or powdered","[""t""]","Free","","35%","",""
"2528.00.00","0","Natural borates and concentrates thereof (whether or not calcined), but not including borates separated from natural brine; natural boric acid containing not more than 85 percent of H<sub>3</sub>BO<sub>3</sub> calculated on the dry weight","","Free","","Free","",""
"2528.00.00.05","1","Natural sodium borates and concentrates thereof (whether or not calcined)","[""kg""]","","","","",""
"2528.00.00.10","1","Natural calcium borates","[""kg""]","","","","",""
"2528.00.00.50","1","Other","[""kg""]","","","","",""
"2529","0","Feldspar; leucite, nepheline and nepheline syenite; fluorspar:","","","","","",""
"2529.10.00.00","1","Feldspar","[""t""]","Free","","49¢/t","",""
"","1","Fluorspar:","","","","","",""
"2529.21.00.00","2","Containing by weight 97 percent or less of calcium fluoride","[""t""]","Free","","13.5%","",""
"2529.22.00.00","2","Containing by weight more than 97 percent of calcium fluoride","[""t""]","Free","","$5.51/t","",""
"2529.30.00","1","Leucite; nepheline and nepheline syenite","","Free","","Free","",""
"2529.30.00.10","2","Nepheline syenite","[""t""]","","","","",""
"2529.30.00.50","2","Other","[""t""]","","","","",""
"2530","0","Mineral substances not elsewhere specified or included:","","","","","",""
"2530.10.00.00","1","Vermiculite, perlite and chlorites, unexpanded","[""kg""]","Free","","Free","",""
"2530.20","1","Kieserite, epsom salts (natural magnesium sulfates):","","","","","",""
"2530.20.10.00","2","Kieserite","[""kg""]","Free","","Free","",""
"2530.20.20.00","2","Epsom salts","[""kg""]","Free","","20%","",""
"2530.90","1","Other:","","","","","",""
"2530.90.10.00","2","Natural cryolite; natural chiolite","[""t""]","Free","","Free","",""
"2530.90.20.00","2","Natural micaceous iron oxides","[""kg""]","2.9%","Free (A,AU,BH,CL,CO,D,E,IL,JO,KR,MA,OM,P,PA,PE,S,SG)","20%","",""
"2530.90.80","2","Other","","Free","","0.3¢/kg","",""
"2530.90.80.10","3","Celestite","[""kg""]","","","","",""
"2530.90.80.15","3","Earth colors","[""kg""]","","","","",""
"2530.90.80.50","3","Other","[""kg""]","","","","",""
